Item,Saldo Atual,Última Data,Grupo,Linha ESTOQUE,Última Atualização
6,24,16/06/2026 13:22:34,MATÉRIA PRIMA,32128,24/08/2026
7,9,27/04/2026 09:55:03,MATÉRIA PRIMA,31054,24/08/2026
8,8,31/07/2026 10:04:04,MATÉRIA PRIMA,33058,24/08/2026
9,37,27/09/2022 00:00:00,,294,24/08/2026
14,-4,08/12/2025 10:54:27,MATÉRIA PRIMA,28390,24/08/2026
15,102,25/01/2023 00:00:00,,864,24/08/2026
16,26,16/09/2025 08:13:38,MATÉRIA PRIMA,26246,24/08/2026
18,48,13/11/2025 10:14:51,MATÉRIA PRIMA,27792,24/08/2026
19,98,05/07/2023 00:00:00,,5297,24/08/2026
20,34,27/05/2026 09:28:05,MATÉRIA PRIMA,31741,24/08/2026
22,0,24/02/2026 09:36:49,MATÉRIA PRIMA,29547,24/08/2026
24,0,22/06/2023 00:00:00,,4868,24/08/2026
26,29,05/09/2022 00:00:00,,235,24/08/2026
27,16,12/01/2024 00:00:00,,10062,24/08/2026
28,24,22/09/2025 08:09:56,MATÉRIA PRIMA,26433,24/08/2026
31,36,05/07/2023 00:00:00,,5298,24/08/2026
32,43,11/09/2024 00:00:00,,17119,24/08/2026
36,78,05/07/2023 00:00:00,,5299,24/08/2026
38,0,23/07/2026 14:39:05,MATÉRIA PRIMA,32888,24/08/2026
46,30,27/05/2025 15:09:10,MATÉRIA PRIMA,23735,24/08/2026
47,20,24/10/2024 00:00:00,,18461,24/08/2026
48,0,10/10/2025 14:32:26,MATÉRIA PRIMA,26808,24/08/2026
49,0,22/06/2023 00:00:00,,4869,24/08/2026
51,0,10/01/2023 00:00:00,,483,24/08/2026
52,0,16/10/2024 00:00:00,,18162,24/08/2026
53,19,18/08/2026 09:07:26,MATÉRIA PRIMA,33368,24/08/2026
54,0,14/10/2024 00:00:00,,18112,24/08/2026
55,0,01/02/2023 00:00:00,,1093,24/08/2026
56,39,15/05/2026 09:26:15,MATÉRIA PRIMA,31497,24/08/2026
57,48,13/08/2026 08:16:20,MATÉRIA PRIMA,33334,24/08/2026
58,112,24/08/2026 14:33:26,MATÉRIA PRIMA,33432,24/08/2026
59,0,03/06/2024 00:00:00,,14107,24/08/2026
62,0,29/08/2023 00:00:00,,6912,24/08/2026
63,27,01/07/2026 08:44:02,MATÉRIA PRIMA,32448,24/08/2026
65,41,10/10/2022 00:00:00,,324,24/08/2026
66,60,17/10/2024 00:00:00,,18169,24/08/2026
68,17,24/08/2023 00:00:00,,6733,24/08/2026
72,146,25/09/2023 00:00:00,,7568,24/08/2026
74,0,29/08/2023 00:00:00,,6914,24/08/2026
75,18,05/08/2026 09:06:01,MATÉRIA PRIMA,33223,24/08/2026
78,18,29/04/2025 09:49:37,MATÉRIA PRIMA,23110,24/08/2026
82,12,31/03/2025 11:12:40,MATÉRIA PRIMA,22375,24/08/2026
83,16,09/01/2025 00:00:00,,20195,24/08/2026
84,0,22/06/2023 00:00:00,,4873,24/08/2026
88,24,26/08/2026 11:26:25,MATÉRIA PRIMA,33475,26/08/2026
90,18,28/03/2025 10:01:47,MATÉRIA PRIMA,22276,24/08/2026
92,87,17/07/2024 00:00:00,,15378,24/08/2026
93,65,10/04/2026 09:36:13,MATÉRIA PRIMA,30562,24/08/2026
95,2,07/06/2024 00:00:00,,14274,24/08/2026
98,0,05/12/2025 14:53:21,MATÉRIA PRIMA,28311,24/08/2026
99,24,18/03/2026 15:05:30,MATÉRIA PRIMA,30060,24/08/2026
100,0,07/11/2023 00:00:00,,8476,24/08/2026
101,-174,24/08/2026 07:25:53,MATÉRIA PRIMA,33410,24/08/2026
102,0,10/04/2023 00:00:00,,2848,24/08/2026
103,0,16/07/2024 00:00:00,,15347,24/08/2026
104,11,29/09/2025 17:12:22,MATÉRIA PRIMA,26645,24/08/2026
107,10,21/05/2026 08:08:37,MATÉRIA PRIMA,31603,24/08/2026
109,66,25/10/2024 00:00:00,,18535,24/08/2026
110,0,10/05/2023 00:00:00,,3737,24/08/2026
113,0,10/10/2023 00:00:00,,7884,24/08/2026
114,38,26/08/2026 14:08:37,MATÉRIA PRIMA,33476,26/08/2026
118,19,01/04/2026 08:56:12,MATÉRIA PRIMA,30333,24/08/2026
124,31,19/05/2023 00:00:00,,3934,24/08/2026
127,0,24/02/2026 09:38:21,MATÉRIA PRIMA,29548,24/08/2026
131,69,20/09/2023 00:00:00,,7363,24/08/2026
135,22,25/02/2026 10:07:03,MATÉRIA PRIMA,29588,24/08/2026
136,46,28/03/2023 00:00:00,,2540,24/08/2026
140,18,09/03/2026 11:19:19,MATÉRIA PRIMA,29843,24/08/2026
141,21,11/07/2025 10:25:34,MATÉRIA PRIMA,24835,24/08/2026
142,25,08/07/2026 08:01:03,MATÉRIA PRIMA,32597,24/08/2026
145,0,03/11/2023 00:00:00,,8410,24/08/2026
146,83,03/05/2023 00:00:00,,3502,24/08/2026
150,0,25/04/2023 00:00:00,,3326,24/08/2026
152,0,03/11/2025 10:18:10,MATÉRIA PRIMA,27517,24/08/2026
155,0,12/11/2024 00:00:00,,18995,24/08/2026
156,0,13/03/2025 14:27:39,MATÉRIA PRIMA,21866,24/08/2026
159,38,24/02/2025 00:00:00,,21363,24/08/2026
161,6,08/07/2026 08:21:14,MATÉRIA PRIMA,32605,24/08/2026
164,61,17/01/2022 00:00:00,,106,24/08/2026
172,19,26/08/2024 00:00:00,,16496,24/08/2026
173,77,07/08/2026 08:15:58,MATÉRIA PRIMA,33271,24/08/2026
174,13,14/08/2026 09:45:20,MATÉRIA PRIMA,33342,24/08/2026
176,0,07/10/2025 16:11:11,MATÉRIA PRIMA,26750,24/08/2026
177,44,13/09/2023 00:00:00,,7253,24/08/2026
182,14,10/12/2025 10:30:23,MATÉRIA PRIMA,28469,24/08/2026
184,0,07/10/2025 16:20:05,MATÉRIA PRIMA,26751,24/08/2026
185,15,16/05/2024 00:00:00,,13634,24/08/2026
186,18,05/08/2026 09:05:20,MATÉRIA PRIMA,33222,24/08/2026
188,25,10/02/2025 00:00:00,,21116,24/08/2026
191,44,27/09/2023 00:00:00,,7625,24/08/2026
192,18,14/08/2025 09:28:26,MATÉRIA PRIMA,25596,24/08/2026
193,23,24/04/2025 10:41:51,MATÉRIA PRIMA,22951,24/08/2026
197,82,07/08/2023 00:00:00,,6207,24/08/2026
198,14,21/07/2025 10:03:44,MATÉRIA PRIMA,25086,24/08/2026
199,0,09/11/2023 00:00:00,,8598,24/08/2026
206,17,13/08/2026 08:27:47,MATÉRIA PRIMA,33337,24/08/2026
208,87,07/02/2026 08:16:57,MATÉRIA PRIMA,29303,24/08/2026
209,14,13/08/2025 09:04:41,MATÉRIA PRIMA,25568,24/08/2026
213,12,07/08/2026 08:21:27,MATÉRIA PRIMA,33273,24/08/2026
214,17,27/04/2026 11:18:00,MATÉRIA PRIMA,31108,24/08/2026
217,16,20/01/2025 00:00:00,,20353,24/08/2026
218,10,20/07/2026 08:06:51,MATÉRIA PRIMA,32787,24/08/2026
222,0,29/08/2023 00:00:00,,6921,24/08/2026
224,33,25/01/2023 00:00:00,,881,24/08/2026
225,51,05/09/2022 00:00:00,,236,24/08/2026
226,0,23/07/2026 14:36:44,MATÉRIA PRIMA,32886,24/08/2026
227,0,06/12/2024 00:00:00,,19905,24/08/2026
228,22,08/04/2026 09:50:21,MATÉRIA PRIMA,30508,24/08/2026
229,42,16/01/2024 00:00:00,,10131,24/08/2026
230,15,12/08/2026 08:58:56,MATÉRIA PRIMA,33318,24/08/2026
231,58,19/01/2022 00:00:00,,110,24/08/2026
232,0,23/09/2025 14:21:52,MATÉRIA PRIMA,26547,24/08/2026
237,66,05/07/2023 00:00:00,,5305,24/08/2026
239,79,02/06/2022 00:00:00,,189,24/08/2026
240,0,10/10/2025 15:11:51,MATÉRIA PRIMA,26809,24/08/2026
246,73,17/05/2023 00:00:00,,3875,24/08/2026
248,0,22/02/2023 00:00:00,,1759,24/08/2026
253,46,16/04/2026 09:10:03,MATÉRIA PRIMA,30844,24/08/2026
254,39,26/06/2024 00:00:00,,14700,24/08/2026
257,78,05/04/2024 00:00:00,,12542,24/08/2026
258,25,27/05/2025 08:08:19,MATÉRIA PRIMA,23720,24/08/2026
263,83,17/08/2026 08:07:06,MATÉRIA PRIMA,33350,24/08/2026
265,0,29/08/2023 00:00:00,,6922,24/08/2026
266,0,15/01/2025 00:00:00,,20311,24/08/2026
267,20,13/02/2026 08:42:54,MATÉRIA PRIMA,29376,24/08/2026
268,64,17/02/2025 00:00:00,,21225,24/08/2026
271,38,23/10/2024 00:00:00,,18338,24/08/2026
275,31,24/03/2025 15:01:14,MATÉRIA PRIMA,22153,24/08/2026
278,0,18/01/2023 00:00:00,,686,24/08/2026
280,12,17/03/2025 14:12:34,MATÉRIA PRIMA,21924,24/08/2026
282,14,08/07/2026 08:28:18,MATÉRIA PRIMA,32614,24/08/2026
291,34,09/04/2025 08:52:07,MATÉRIA PRIMA,22614,24/08/2026
292,0,29/08/2023 00:00:00,,6923,24/08/2026
295,44,20/01/2026 08:19:10,MATÉRIA PRIMA,28848,24/08/2026
296,40,07/07/2026 08:25:40,MATÉRIA PRIMA,32503,24/08/2026
298,0,29/08/2023 00:00:00,,6927,24/08/2026
299,35,17/04/2025 15:17:55,MATÉRIA PRIMA,22828,24/08/2026
300,32,17/03/2025 13:48:11,MATÉRIA PRIMA,21923,24/08/2026
301,18,05/02/2026 08:32:35,MATÉRIA PRIMA,29207,24/08/2026
302,35,21/08/2024 00:00:00,,16304,24/08/2026
303,27,10/07/2026 08:03:48,MATÉRIA PRIMA,32653,24/08/2026
305,28,12/08/2024 00:00:00,,15996,24/08/2026
307,33,22/05/2025 09:08:24,MATÉRIA PRIMA,23629,24/08/2026
309,22,19/05/2026 11:15:20,MATÉRIA PRIMA,31561,24/08/2026
312,0,03/10/2023 00:00:00,,7746,24/08/2026
314,111,20/02/2023 00:00:00,,1628,24/08/2026
316,15,14/02/2025 00:00:00,,21202,24/08/2026
318,48,09/03/2022 00:00:00,,134,24/08/2026
323,14,07/11/2024 00:00:00,,18891,24/08/2026
324,12,10/08/2026 16:04:34,MATÉRIA PRIMA,33298,24/08/2026
333,32,06/08/2024 00:00:00,,15921,24/08/2026
334,18,22/07/2026 16:20:43,MATÉRIA PRIMA,32871,24/08/2026
339,52,28/08/2023 00:00:00,,6854,24/08/2026
342,15,25/01/2023 00:00:00,,892,24/08/2026
343,61,19/11/2024 00:00:00,,19133,24/08/2026
346,16,29/09/2021 00:00:00,,80,24/08/2026
347,0,03/11/2025 10:20:38,MATÉRIA PRIMA,27519,24/08/2026
353,77,16/06/2022 00:00:00,,198,24/08/2026
357,61,15/11/2023 00:00:00,,8734,24/08/2026
362,30,11/07/2023 00:00:00,,5414,24/08/2026
363,74,04/07/2023 00:00:00,,5273,24/08/2026
364,0,03/10/2023 00:00:00,,7747,24/08/2026
369,0,17/09/2025 15:50:59,MATÉRIA PRIMA,26329,24/08/2026
377,73,05/09/2022 00:00:00,,237,24/08/2026
379,3,21/08/2023 00:00:00,,6636,24/08/2026
381,13,13/11/2025 10:12:12,MATÉRIA PRIMA,27788,24/08/2026
383,35,01/02/2023 00:00:00,,1113,24/08/2026
386,0,29/08/2023 00:00:00,,6928,24/08/2026
393,51,26/08/2022 00:00:00,,231,24/08/2026
394,0,05/07/2024 00:00:00,,15066,24/08/2026
396,61,08/02/2022 00:00:00,,121,24/08/2026
409,0,29/08/2023 00:00:00,,6929,24/08/2026
415,12,14/10/2025 11:02:04,MATÉRIA PRIMA,26918,24/08/2026
427,0,30/10/2024 00:00:00,,18732,24/08/2026
431,16,20/09/2023 00:00:00,,7389,24/08/2026
440,0,03/07/2023 00:00:00,,5218,24/08/2026
442,67,17/04/2022 00:00:00,,167,24/08/2026
444,61,10/10/2022 00:00:00,,325,24/08/2026
445,16,21/08/2023 00:00:00,,6637,24/08/2026
447,12,05/08/2026 09:08:49,MATÉRIA PRIMA,33227,24/08/2026
452,96,11/01/2023 00:00:00,,511,24/08/2026
458,21,31/07/2026 10:05:47,MATÉRIA PRIMA,33061,24/08/2026
459,0,02/06/2025 09:41:51,MATÉRIA PRIMA,23859,24/08/2026
461,22,08/04/2026 08:24:37,MATÉRIA PRIMA,30468,24/08/2026
468,86,05/09/2023 00:00:00,,7110,24/08/2026
469,45,03/10/2022 00:00:00,,307,24/08/2026
474,96,10/10/2022 00:00:00,,326,24/08/2026
477,61,28/07/2023 00:00:00,,5837,24/08/2026
478,0,27/05/2026 14:20:36,MATÉRIA PRIMA,31749,24/08/2026
481,0,12/03/2024 00:00:00,,11901,24/08/2026
486,13,07/07/2026 09:19:33,MATÉRIA PRIMA,32525,24/08/2026
487,0,26/09/2024 00:00:00,,17497,24/08/2026
491,3,06/08/2026 10:48:12,MATÉRIA PRIMA,33253,24/08/2026
494,32,28/02/2025 00:00:00,,21540,24/08/2026
496,0,28/10/2025 07:57:05,MATÉRIA PRIMA,27439,24/08/2026
497,56,17/05/2024 00:00:00,,13644,24/08/2026
499,0,08/01/2026 14:33:32,MATÉRIA PRIMA,28684,24/08/2026
501,23,12/08/2025 09:43:34,MATÉRIA PRIMA,25500,24/08/2026
508,20,02/04/2026 13:44:20,MATÉRIA PRIMA,30400,24/08/2026
517,11,26/09/2024 00:00:00,,17536,24/08/2026
519,37,06/02/2025 00:00:00,,20920,24/08/2026
529,21,15/04/2025 09:09:35,MATÉRIA PRIMA,22719,24/08/2026
530,29,10/04/2023 00:00:00,,2868,24/08/2026
532,0,27/03/2025 15:41:30,MATÉRIA PRIMA,22264,24/08/2026
533,11,09/06/2026 11:04:43,MATÉRIA PRIMA,31979,24/08/2026
536,12,21/07/2025 08:58:37,MATÉRIA PRIMA,25053,24/08/2026
537,15,10/03/2025 00:00:00,,21728,24/08/2026
541,21,27/10/2025 13:45:07,MATÉRIA PRIMA,27412,24/08/2026
542,0,10/10/2025 15:21:05,MATÉRIA PRIMA,26815,24/08/2026
548,83,14/08/2025 08:48:53,MATÉRIA PRIMA,25581,24/08/2026
551,0,15/08/2025 09:53:24,MATÉRIA PRIMA,25680,24/08/2026
558,51,15/02/2024 00:00:00,,10965,24/08/2026
561,27,17/07/2025 10:04:50,MATÉRIA PRIMA,25007,24/08/2026
563,19,13/01/2026 13:59:46,MATÉRIA PRIMA,28736,24/08/2026
566,40,04/08/2026 09:39:00,MATÉRIA PRIMA,33149,24/08/2026
567,0,23/02/2024 00:00:00,,11316,24/08/2026
572,27,21/02/2026 08:11:26,MATÉRIA PRIMA,29496,24/08/2026
578,99,16/04/2025 11:18:59,MATÉRIA PRIMA,22780,24/08/2026
580,20,28/02/2023 00:00:00,,1864,24/08/2026
587,74,24/04/2025 10:29:07,MATÉRIA PRIMA,22947,24/08/2026
596,36,21/07/2025 08:48:58,MATÉRIA PRIMA,25049,24/08/2026
599,42,07/08/2026 08:10:29,MATÉRIA PRIMA,33266,24/08/2026
603,74,31/10/2024 00:00:00,,18739,24/08/2026
612,0,29/08/2023 00:00:00,,6933,24/08/2026
613,32,10/10/2022 00:00:00,,328,24/08/2026
614,28,14/07/2026 08:12:23,MATÉRIA PRIMA,32710,24/08/2026
616,26,24/04/2025 10:39:28,MATÉRIA PRIMA,22949,24/08/2026
617,72,25/08/2023 00:00:00,,6804,24/08/2026
618,20,04/08/2021 00:00:00,,44,24/08/2026
625,0,06/08/2025 11:23:30,MATÉRIA PRIMA,25383,24/08/2026
634,31,15/03/2022 00:00:00,,139,24/08/2026
642,27,16/09/2024 00:00:00,,17222,24/08/2026
653,59,28/02/2025 00:00:00,,21518,24/08/2026
660,0,08/01/2026 14:34:51,MATÉRIA PRIMA,28685,24/08/2026
664,26,18/12/2023 00:00:00,,9916,24/08/2026
672,0,26/11/2024 00:00:00,,19387,24/08/2026
675,63,19/11/2025 09:05:04,MATÉRIA PRIMA,27952,24/08/2026
678,9,06/08/2026 11:21:52,MATÉRIA PRIMA,33256,24/08/2026
686,0,22/04/2024 00:00:00,,12936,24/08/2026
687,20,02/12/2025 10:03:15,MATÉRIA PRIMA,28230,24/08/2026
690,13,18/10/2023 00:00:00,,8072,24/08/2026
691,27,10/01/2025 00:00:00,,20219,24/08/2026
693,73,05/09/2022 00:00:00,,238,24/08/2026
711,0,24/02/2026 10:59:54,MATÉRIA PRIMA,29560,24/08/2026
715,17,20/10/2025 09:32:16,MATÉRIA PRIMA,27049,24/08/2026
732,0,31/07/2023 00:00:00,,5919,24/08/2026
737,1,02/03/2022 00:00:00,,129,24/08/2026
739,0,29/08/2023 00:00:00,,6935,24/08/2026
740,7,29/08/2023 00:00:00,,6936,24/08/2026
765,0,12/09/2024 00:00:00,,17179,24/08/2026
766,0,25/10/2024 00:00:00,,18559,24/08/2026
775,37,04/03/2026 09:22:00,MATÉRIA PRIMA,29728,24/08/2026
781,6,29/05/2026 14:02:00,MATÉRIA PRIMA,31856,24/08/2026
782,0,12/09/2024 00:00:00,,17175,24/08/2026
786,0,29/08/2023 00:00:00,,6937,24/08/2026
788,12,14/08/2026 09:41:54,MATÉRIA PRIMA,33339,24/08/2026
809,0,08/01/2026 14:38:03,MATÉRIA PRIMA,28686,24/08/2026
812,9,02/04/2025 16:26:55,MATÉRIA PRIMA,22501,24/08/2026
814,21,05/08/2026 09:12:14,MATÉRIA PRIMA,33230,24/08/2026
828,0,03/08/2023 00:00:00,,6116,24/08/2026
833,0,24/02/2026 09:39:56,MATÉRIA PRIMA,29549,24/08/2026
838,82,03/10/2023 00:00:00,,7749,24/08/2026
854,0,23/09/2025 14:19:55,MATÉRIA PRIMA,26545,24/08/2026
865,30,19/02/2026 14:03:47,MATÉRIA PRIMA,29448,24/08/2026
870,0,09/02/2026 08:13:23,MATÉRIA PRIMA,29323,24/08/2026
891,71,28/01/2022 00:00:00,,113,24/08/2026
893,37,08/05/2025 14:05:39,MATÉRIA PRIMA,23316,24/08/2026
898,0,18/09/2025 08:13:24,MATÉRIA PRIMA,26339,24/08/2026
901,19,30/10/2023 00:00:00,,8277,24/08/2026
905,53,10/10/2022 00:00:00,,330,24/08/2026
911,38,17/06/2025 09:23:06,MATÉRIA PRIMA,24243,24/08/2026
916,0,29/08/2023 00:00:00,,6939,24/08/2026
920,18,14/07/2026 14:02:59,MATÉRIA PRIMA,32724,24/08/2026
929,21,24/03/2026 11:09:22,MATÉRIA PRIMA,30153,24/08/2026
931,5,21/07/2026 08:07:47,MATÉRIA PRIMA,32830,24/08/2026
932,32,21/06/2024 00:00:00,,14599,24/08/2026
936,49,03/10/2022 00:00:00,,308,24/08/2026
938,11,01/07/2024 00:00:00,,14852,24/08/2026
939,23,25/03/2026 14:39:55,MATÉRIA PRIMA,30191,24/08/2026
947,27,26/09/2024 00:00:00,,17614,24/08/2026
951,31,05/07/2023 00:00:00,,5313,24/08/2026
954,0,09/12/2025 14:36:35,MATÉRIA PRIMA,28423,24/08/2026
956,0,24/02/2026 09:41:00,MATÉRIA PRIMA,29550,24/08/2026
965,35,04/08/2025 07:47:52,MATÉRIA PRIMA,25343,24/08/2026
972,0,08/07/2024 00:00:00,,15191,24/08/2026
974,0,28/05/2025 14:31:10,MATÉRIA PRIMA,23763,24/08/2026
986,22,18/08/2026 09:29:32,MATÉRIA PRIMA,33380,24/08/2026
987,36,24/08/2026 08:17:25,MATÉRIA PRIMA,33412,24/08/2026
989,7,11/04/2025 15:38:36,MATÉRIA PRIMA,22665,24/08/2026
994,82,24/11/2023 00:00:00,,9105,24/08/2026
999,13,20/06/2025 08:31:00,MATÉRIA PRIMA,24388,24/08/2026
1001,35,12/06/2024 00:00:00,,14383,24/08/2026
1333,22,01/03/2024 00:00:00,,11449,24/08/2026
1335,33,11/09/2023 00:00:00,,7223,24/08/2026
1365,64,04/12/2023 00:00:00,,9458,24/08/2026
1366,16,04/10/2023 00:00:00,,7827,24/08/2026
1370,18,04/04/2024 00:00:00,,12517,24/08/2026
1371,31,14/03/2024 00:00:00,,11948,24/08/2026
4000,28,20/07/2023 00:00:00,,5609,24/08/2026
4002,64,26/09/2024 00:00:00,,17629,24/08/2026
4010,0,27/06/2024 00:00:00,,14795,24/08/2026
4014,0,31/08/2023 00:00:00,,7006,24/08/2026
4021,0,26/06/2026 09:06:20,MATÉRIA PRIMA,32277,24/08/2026
4025,0,29/08/2025 07:58:28,MATÉRIA PRIMA,25896,24/08/2026
4028,0,29/08/2023 00:00:00,,6941,24/08/2026
4029,0,29/08/2025 07:55:39,MATÉRIA PRIMA,25894,24/08/2026
4037,0,10/10/2025 14:16:55,MATÉRIA PRIMA,26805,24/08/2026
4039,22,04/08/2026 09:19:26,MATÉRIA PRIMA,33136,24/08/2026
4043,27,23/03/2026 08:10:53,MATÉRIA PRIMA,30109,24/08/2026
4045,0,11/03/2025 00:00:00,,21830,24/08/2026
4049,24,14/07/2026 14:02:00,MATÉRIA PRIMA,32723,24/08/2026
4056,0,22/04/2025 16:29:56,MATÉRIA PRIMA,22892,24/08/2026
4059,0,03/02/2025 00:00:00,,20856,24/08/2026
4067,22,21/06/2022 00:00:00,,203,24/08/2026
4070,27,28/05/2026 10:23:23,MATÉRIA PRIMA,31809,24/08/2026
4072,0,29/08/2023 00:00:00,,6942,24/08/2026
4073,74,05/03/2025 00:00:00,,21627,24/08/2026
4074,83,16/03/2022 00:00:00,,142,24/08/2026
4075,17,28/02/2025 00:00:00,,21509,24/08/2026
4085,258,26/08/2026 16:04:53,MATÉRIA PRIMA,33478,26/08/2026
4086,33,30/01/2025 00:00:00,,20742,24/08/2026
4096,0,09/02/2026 08:17:53,MATÉRIA PRIMA,29325,24/08/2026
4097,17,24/10/2024 00:00:00,,18513,24/08/2026
4099,25,13/05/2026 15:50:00,MATÉRIA PRIMA,31463,24/08/2026
4105,7,30/04/2025 09:52:36,MATÉRIA PRIMA,23132,24/08/2026
4107,13,25/11/2025 10:47:27,MATÉRIA PRIMA,28053,24/08/2026
4108,24,13/09/2023 00:00:00,,7260,24/08/2026
4111,0,11/11/2024 00:00:00,,18979,24/08/2026
4116,28,19/03/2024 00:00:00,,12056,24/08/2026
4119,125,09/12/2022 00:00:00,,404,24/08/2026
4140,88,02/02/2022 00:00:00,,116,24/08/2026
4143,39,07/01/2022 00:00:00,,102,24/08/2026
4148,45,02/08/2024 00:00:00,,15885,24/08/2026
4149,10,14/04/2026 10:46:26,MATÉRIA PRIMA,30725,24/08/2026
4157,0,27/03/2025 14:17:09,MATÉRIA PRIMA,22263,24/08/2026
4164,0,15/10/2024 00:00:00,,18138,24/08/2026
4172,63,03/10/2022 00:00:00,,310,24/08/2026
4174,52,03/04/2024 00:00:00,,12487,24/08/2026
4185,65,16/09/2024 00:00:00,,17217,24/08/2026
4186,53,16/07/2025 10:11:03,MATÉRIA PRIMA,24956,24/08/2026
4188,13,04/08/2026 09:30:36,MATÉRIA PRIMA,33143,24/08/2026
4189,103,23/01/2023 00:00:00,,794,24/08/2026
4190,0,22/01/2025 00:00:00,,20463,24/08/2026
4199,98,14/01/2025 00:00:00,,20291,24/08/2026
4203,23,08/04/2026 13:58:25,MATÉRIA PRIMA,30509,24/08/2026
4209,97,27/02/2024 00:00:00,,11344,24/08/2026
4210,26,06/02/2026 08:52:00,MATÉRIA PRIMA,29278,24/08/2026
4219,40,27/07/2026 08:21:43,MATÉRIA PRIMA,32922,24/08/2026
4220,27,11/03/2025 00:00:00,,21833,24/08/2026
4236,0,29/08/2023 00:00:00,,6943,24/08/2026
4240,0,29/08/2023 00:00:00,,6944,24/08/2026
4241,16,05/03/2025 00:00:00,,21581,24/08/2026
4245,13,19/06/2025 09:50:19,MATÉRIA PRIMA,24298,24/08/2026
4259,0,24/02/2026 09:42:24,MATÉRIA PRIMA,29551,24/08/2026
4263,24,19/05/2026 08:57:28,MATÉRIA PRIMA,31542,24/08/2026
4265,47,09/05/2022 00:00:00,,176,24/08/2026
4266,62,29/09/2023 00:00:00,,7692,24/08/2026
4267,39,07/07/2025 13:48:47,MATÉRIA PRIMA,24627,24/08/2026
4269,0,26/01/2026 07:45:58,MATÉRIA PRIMA,28954,24/08/2026
4276,0,02/07/2026 10:22:03,MATÉRIA PRIMA,32472,24/08/2026
4280,45,02/04/2025 16:29:02,MATÉRIA PRIMA,22502,24/08/2026
4281,61,05/06/2023 00:00:00,,4509,24/08/2026
4283,0,06/07/2026 09:58:49,MATÉRIA PRIMA,32486,24/08/2026
4293,6,16/07/2025 10:17:49,MATÉRIA PRIMA,24961,24/08/2026
4299,0,10/05/2023 00:00:00,,3752,24/08/2026
4307,0,23/09/2025 14:26:23,MATÉRIA PRIMA,26549,24/08/2026
4309,43,03/10/2023 00:00:00,,7754,24/08/2026
4310,5,21/07/2025 09:28:50,MATÉRIA PRIMA,25064,24/08/2026
4311,71,10/02/2023 00:00:00,,1382,24/08/2026
4312,0,24/02/2026 09:43:24,MATÉRIA PRIMA,29552,24/08/2026
4315,87,06/10/2022 00:00:00,,321,24/08/2026
4316,0,29/08/2023 00:00:00,,6945,24/08/2026
4317,0,09/02/2022 00:00:00,,123,24/08/2026
4324,0,03/11/2025 10:29:30,MATÉRIA PRIMA,27520,24/08/2026
4333,0,07/10/2025 16:21:44,MATÉRIA PRIMA,26752,24/08/2026
4335,62,03/11/2023 00:00:00,,8414,24/08/2026
4342,25,05/07/2023 00:00:00,,5318,24/08/2026
4345,0,10/10/2025 14:30:19,MATÉRIA PRIMA,26807,24/08/2026
4346,40,21/05/2024 00:00:00,,13725,24/08/2026
4348,58,07/06/2022 00:00:00,,195,24/08/2026
4352,52,04/06/2026 09:00:07,MATÉRIA PRIMA,31937,24/08/2026
4355,0,26/11/2024 00:00:00,,19377,24/08/2026
4356,0,29/08/2023 00:00:00,,6946,24/08/2026
4358,19,13/03/2023 00:00:00,,2217,24/08/2026
4362,74,27/02/2023 00:00:00,,1825,24/08/2026
4363,32,11/06/2022 00:00:00,,196,24/08/2026
4365,67,08/09/2023 00:00:00,,7211,24/08/2026
4366,0,02/07/2026 10:04:33,MATÉRIA PRIMA,32469,24/08/2026
4370,0,01/06/2023 00:00:00,,4438,24/08/2026
4371,0,06/07/2026 09:57:55,MATÉRIA PRIMA,32485,24/08/2026
4372,21,09/12/2024 00:00:00,,19996,24/08/2026
4374,0,10/01/2023 00:00:00,,490,24/08/2026
4382,59,03/10/2022 00:00:00,,312,24/08/2026
4393,20,04/02/2022 00:00:00,,120,24/08/2026
4409,10,30/03/2026 08:19:34,MATÉRIA PRIMA,30264,24/08/2026
4411,39,12/06/2026 09:25:51,MATÉRIA PRIMA,32039,24/08/2026
4413,87,31/01/2022 00:00:00,,114,24/08/2026
4418,0,26/11/2024 00:00:00,,19385,24/08/2026
4429,70,04/01/2022 00:00:00,,99,24/08/2026
4431,67,21/07/2025 08:48:17,MATÉRIA PRIMA,25048,24/08/2026
4433,0,28/05/2025 14:35:41,MATÉRIA PRIMA,23765,24/08/2026
4436,115,03/10/2022 00:00:00,,313,24/08/2026
4440,1,12/03/2024 00:00:00,,11910,24/08/2026
4441,87,04/04/2024 00:00:00,,12512,24/08/2026
4443,81,28/02/2024 00:00:00,,11388,24/08/2026
4448,52,20/12/2022 00:00:00,,416,24/08/2026
4452,62,18/01/2022 00:00:00,,108,24/08/2026
4453,41,14/06/2023 00:00:00,,4765,24/08/2026
4455,0,07/06/2024 00:00:00,,14288,24/08/2026
4467,0,01/07/2024 00:00:00,,14843,24/08/2026
4468,10,31/03/2026 08:20:13,MATÉRIA PRIMA,30290,24/08/2026
4472,0,11/03/2025 00:00:00,,21838,24/08/2026
4474,0,29/08/2023 00:00:00,,6947,24/08/2026
4479,27,28/02/2025 00:00:00,,21510,24/08/2026
4481,49,16/06/2025 13:51:58,MATÉRIA PRIMA,24232,24/08/2026
4487,74,24/11/2022 00:00:00,,381,24/08/2026
4488,0,01/07/2024 00:00:00,,14850,24/08/2026
4489,0,10/04/2025 09:34:10,MATÉRIA PRIMA,22642,24/08/2026
4496,0,10/04/2024 00:00:00,,12677,24/08/2026
4508,25,21/07/2025 08:40:03,MATÉRIA PRIMA,25043,24/08/2026
4517,51,08/02/2022 00:00:00,,122,24/08/2026
4520,0,29/08/2023 00:00:00,,6948,24/08/2026
4525,17,08/07/2025 13:45:50,MATÉRIA PRIMA,24707,24/08/2026
4527,68,10/10/2022 00:00:00,,332,24/08/2026
4529,24,21/07/2026 07:45:25,MATÉRIA PRIMA,32819,24/08/2026
4532,58,30/10/2024 00:00:00,,18703,24/08/2026
4539,16,16/06/2026 13:08:57,MATÉRIA PRIMA,32125,24/08/2026
4543,45,07/05/2024 00:00:00,,13363,24/08/2026
4544,91,30/01/2025 00:00:00,,20743,24/08/2026
4545,23,10/03/2026 08:28:22,MATÉRIA PRIMA,29853,24/08/2026
4551,0,15/04/2024 00:00:00,,12782,24/08/2026
4556,0,26/01/2026 07:49:35,MATÉRIA PRIMA,28955,24/08/2026
4564,54,13/02/2023 00:00:00,,1439,24/08/2026
4571,29,01/10/2024 00:00:00,,17755,24/08/2026
4575,37,13/02/2023 00:00:00,,1440,24/08/2026
4583,11,27/04/2026 11:24:33,MATÉRIA PRIMA,31113,24/08/2026
4587,0,09/01/2026 14:18:41,MATÉRIA PRIMA,28702,24/08/2026
4588,51,27/07/2026 08:11:42,MATÉRIA PRIMA,32910,24/08/2026
4593,23,23/10/2025 13:57:53,MATÉRIA PRIMA,27288,24/08/2026
4595,42,23/05/2022 00:00:00,,182,24/08/2026
4610,39,05/07/2023 00:00:00,,5320,24/08/2026
4616,54,25/08/2021 00:00:00,,56,24/08/2026
4619,24,30/10/2023 00:00:00,,8280,24/08/2026
4622,0,12/03/2024 00:00:00,,11911,24/08/2026
4623,24,30/10/2023 00:00:00,,8281,24/08/2026
4624,87,05/07/2023 00:00:00,,5321,24/08/2026
4625,51,21/09/2022 00:00:00,,269,24/08/2026
4626,0,16/11/2023 00:00:00,,8828,24/08/2026
4630,21,05/06/2025 14:51:26,MATÉRIA PRIMA,24053,24/08/2026
4633,0,29/08/2023 00:00:00,,6949,24/08/2026
4638,0,18/09/2025 08:10:51,MATÉRIA PRIMA,26338,24/08/2026
4646,0,18/09/2025 08:14:34,MATÉRIA PRIMA,26340,24/08/2026
4649,0,29/10/2024 00:00:00,,18633,24/08/2026
4650,43,03/10/2022 00:00:00,,315,24/08/2026
4654,0,29/10/2024 00:00:00,,18627,24/08/2026
4655,0,22/08/2023 00:00:00,,6673,24/08/2026
4660,0,24/02/2026 09:45:05,MATÉRIA PRIMA,29553,24/08/2026
4662,28,13/06/2026 08:30:43,MATÉRIA PRIMA,32075,24/08/2026
4669,0,21/11/2024 00:00:00,,19242,24/08/2026
4672,94,08/05/2023 00:00:00,,3682,24/08/2026
4674,0,29/08/2023 00:00:00,,6950,24/08/2026
4680,0,21/02/2025 00:00:00,,21324,24/08/2026
4683,27,21/07/2025 08:46:13,MATÉRIA PRIMA,25046,24/08/2026
4686,0,22/09/2025 17:12:12,MATÉRIA PRIMA,26532,24/08/2026
4692,39,06/04/2022 00:00:00,,153,24/08/2026
4693,127,20/09/2023 00:00:00,,7421,24/08/2026
4694,19,21/05/2026 09:37:27,MATÉRIA PRIMA,31628,24/08/2026
4699,19,21/07/2026 08:10:35,MATÉRIA PRIMA,32834,24/08/2026
4707,0,10/10/2023 00:00:00,,7903,24/08/2026
4723,49,24/04/2026 10:20:24,MATÉRIA PRIMA,31003,24/08/2026
4730,35,24/03/2022 00:00:00,,143,24/08/2026
4733,0,10/10/2025 14:22:52,MATÉRIA PRIMA,26806,24/08/2026
4734,83,03/10/2022 00:00:00,,316,24/08/2026
4735,0,26/01/2026 07:52:59,MATÉRIA PRIMA,28956,24/08/2026
4738,87,17/01/2022 00:00:00,,107,24/08/2026
4741,47,25/07/2024 00:00:00,,15530,24/08/2026
4750,43,04/08/2026 09:23:08,MATÉRIA PRIMA,33141,24/08/2026
4752,0,13/07/2026 14:23:56,MATÉRIA PRIMA,32702,24/08/2026
4753,0,10/01/2023 00:00:00,,494,24/08/2026
4758,0,23/10/2025 13:49:11,MATÉRIA PRIMA,27284,24/08/2026
4761,0,29/08/2023 00:00:00,,6951,24/08/2026
4767,0,29/02/2024 00:00:00,,11441,24/08/2026
4776,80,20/08/2021 00:00:00,,53,24/08/2026
4777,0,12/09/2024 00:00:00,,17174,24/08/2026
4778,26,11/03/2024 00:00:00,,11868,24/08/2026
4786,65,07/04/2022 00:00:00,,156,24/08/2026
4790,56,10/10/2022 00:00:00,,333,24/08/2026
4792,0,18/09/2025 08:08:59,MATÉRIA PRIMA,26337,24/08/2026
4796,0,24/01/2025 00:00:00,,20549,24/08/2026
4797,0,06/06/2024 00:00:00,,14235,24/08/2026
4798,21,15/07/2026 09:26:50,MATÉRIA PRIMA,32740,24/08/2026
4799,0,13/11/2024 00:00:00,,18999,24/08/2026
4803,16,21/07/2025 08:47:28,MATÉRIA PRIMA,25047,24/08/2026
4804,30,31/03/2025 13:33:58,MATÉRIA PRIMA,22389,24/08/2026
4821,66,28/01/2025 00:00:00,,20612,24/08/2026
4822,0,26/01/2026 08:05:07,MATÉRIA PRIMA,28957,24/08/2026
4823,82,25/02/2022 00:00:00,,128,24/08/2026
4824,68,13/04/2022 00:00:00,,159,24/08/2026
4825,0,05/12/2023 00:00:00,,9491,24/08/2026
4826,0,17/09/2025 15:56:59,MATÉRIA PRIMA,26330,24/08/2026
4831,102,21/03/2023 00:00:00,,2432,24/08/2026
4841,37,05/08/2024 00:00:00,,15903,24/08/2026
4851,30,30/09/2022 00:00:00,,303,24/08/2026
4852,71,24/02/2022 00:00:00,,126,24/08/2026
4856,11,02/06/2022 00:00:00,,190,24/08/2026
4880,16,28/08/2025 08:34:54,MATÉRIA PRIMA,25870,24/08/2026
4887,54,02/08/2023 00:00:00,,6051,24/08/2026
4888,36,24/01/2023 00:00:00,,853,24/08/2026
4894,85,07/01/2022 00:00:00,,103,24/08/2026
4909,0,12/12/2025 14:36:18,MATÉRIA PRIMA,28511,24/08/2026
4910,15,06/02/2023 00:00:00,,1258,24/08/2026
4917,33,13/04/2022 00:00:00,,160,24/08/2026
4929,0,02/07/2026 08:41:17,MATÉRIA PRIMA,32467,24/08/2026
4937,16,03/06/2022 00:00:00,,192,24/08/2026
4938,59,25/08/2023 00:00:00,,6816,24/08/2026
4940,0,08/01/2026 14:39:57,MATÉRIA PRIMA,28687,24/08/2026
4942,57,21/06/2022 00:00:00,,204,24/08/2026
4963,104,02/06/2022 00:00:00,,191,24/08/2026
4964,0,10/12/2024 00:00:00,,20033,24/08/2026
4968,23,23/03/2026 08:09:48,MATÉRIA PRIMA,30108,24/08/2026
4969,0,25/10/2024 00:00:00,,18556,24/08/2026
4971,0,10/05/2023 00:00:00,,3761,24/08/2026
4975,4,08/11/2023 00:00:00,,8577,24/08/2026
5027,54,20/10/2023 00:00:00,,8124,24/08/2026
5028,19,27/04/2026 09:57:21,MATÉRIA PRIMA,31057,24/08/2026
5038,53,01/07/2022 00:00:00,,205,24/08/2026
5044,21,10/03/2026 08:49:58,MATÉRIA PRIMA,29858,24/08/2026
5047,8,13/09/2024 00:00:00,,17184,24/08/2026
5053,102,08/05/2023 00:00:00,,3686,24/08/2026
5089,58,08/05/2023 00:00:00,,3687,24/08/2026
5093,0,31/07/2025 13:42:11,MATÉRIA PRIMA,25304,24/08/2026
5094,84,06/08/2026 09:47:06,MATÉRIA PRIMA,33250,24/08/2026
5101,44,05/09/2022 00:00:00,,243,24/08/2026
5107,88,01/02/2023 00:00:00,,1142,24/08/2026
5149,0,21/07/2026 08:45:11,MATÉRIA PRIMA,32852,24/08/2026
5151,15,25/08/2026 08:36:01,MATÉRIA PRIMA,33464,25/08/2026
5161,110,22/02/2023 00:00:00,,1766,24/08/2026
5189,88,30/01/2024 00:00:00,,10525,24/08/2026
5190,84,04/08/2025 16:49:08,MATÉRIA PRIMA,25355,24/08/2026
5197,0,10/05/2023 00:00:00,,3762,24/08/2026
5203,75,25/08/2023 00:00:00,,6817,24/08/2026
5204,100,02/08/2023 00:00:00,,6058,24/08/2026
5205,71,20/06/2023 00:00:00,,4843,24/08/2026
5206,93,25/08/2023 00:00:00,,6818,24/08/2026
5207,28,23/01/2026 08:35:37,MATÉRIA PRIMA,28910,24/08/2026
5208,42,25/08/2023 00:00:00,,6819,24/08/2026
5209,42,15/08/2023 00:00:00,,6519,24/08/2026
5216,103,02/10/2023 00:00:00,,7716,24/08/2026
5217,36,24/08/2026 08:17:25,MATÉRIA PRIMA,33413,24/08/2026
5218,24,03/11/2023 00:00:00,,8421,24/08/2026
5219,34,17/04/2024 00:00:00,,12864,24/08/2026
5221,64,31/07/2023 00:00:00,,5935,24/08/2026
5222,70,31/07/2023 00:00:00,,5936,24/08/2026
5223,9,24/01/2024 00:00:00,,10339,24/08/2026
5224,29,02/10/2023 00:00:00,,7717,24/08/2026
5225,14,26/03/2024 00:00:00,,12249,24/08/2026
5227,24,27/07/2026 08:46:10,MATÉRIA PRIMA,32929,24/08/2026
5235,60,02/10/2023 00:00:00,,7720,24/08/2026
5265,26,20/09/2023 00:00:00,,7429,24/08/2026
5266,22,14/01/2025 00:00:00,,20286,24/08/2026
5291,10,24/03/2025 14:59:16,MATÉRIA PRIMA,22150,24/08/2026
5292,86,23/04/2026 15:49:55,MATÉRIA PRIMA,30991,24/08/2026
5293,7,04/06/2026 08:55:47,MATÉRIA PRIMA,31936,24/08/2026
5300,11,04/02/2025 00:00:00,,20866,24/08/2026
5301,72,29/09/2023 00:00:00,,7697,24/08/2026
5305,16,07/01/2025 00:00:00,,20160,24/08/2026
5308,25,09/07/2024 00:00:00,,15213,24/08/2026
5309,45,04/03/2024 00:00:00,,11476,24/08/2026
5317,72,16/01/2024 00:00:00,,10147,24/08/2026
5318,39,18/03/2024 00:00:00,,11977,24/08/2026
5320,10,17/04/2024 00:00:00,,12857,24/08/2026
5322,54,01/03/2024 00:00:00,,11453,24/08/2026
5323,25,08/02/2024 00:00:00,,10822,24/08/2026
5325,21,23/04/2024 00:00:00,,12953,24/08/2026
5338,93,16/05/2025 14:38:28,MATÉRIA PRIMA,23519,24/08/2026
5340,92,30/01/2024 00:00:00,,10530,24/08/2026
5358,34,28/02/2024 00:00:00,,11376,24/08/2026
5370,17,19/06/2025 09:33:37,MATÉRIA PRIMA,24294,24/08/2026
5381,0,17/09/2025 16:01:54,MATÉRIA PRIMA,26332,24/08/2026
5385,11,12/03/2026 08:54:08,MATÉRIA PRIMA,29924,24/08/2026
5394,26,21/02/2025 00:00:00,,21317,24/08/2026
5422,25,27/05/2026 08:27:12,MATÉRIA PRIMA,31730,24/08/2026
5423,27,19/09/2024 00:00:00,,17361,24/08/2026
5427,11,04/09/2024 00:00:00,,16778,24/08/2026
5428,39,27/06/2024 00:00:00,,14762,24/08/2026
5429,10,07/11/2024 00:00:00,,18913,24/08/2026
5430,42,18/02/2025 00:00:00,,21277,24/08/2026
5431,30,27/10/2025 09:10:03,MATÉRIA PRIMA,27367,24/08/2026
5432,23,09/09/2024 00:00:00,,16972,24/08/2026
5437,22,25/02/2025 00:00:00,,21392,24/08/2026
5438,42,30/01/2025 00:00:00,,20739,24/08/2026
5439,33,28/02/2025 00:00:00,,21507,24/08/2026
5440,19,28/02/2025 00:00:00,,21511,24/08/2026
5441,25,28/02/2025 00:00:00,,21523,24/08/2026
5442,28,04/03/2025 00:00:00,,21549,24/08/2026
5446,19,30/01/2025 00:00:00,,20775,24/08/2026
5447,37,23/10/2024 00:00:00,,18294,24/08/2026
5451,23,25/08/2026 08:34:36,MATÉRIA PRIMA,33462,25/08/2026
5452,0,04/04/2025 07:51:28,MATÉRIA PRIMA,22546,24/08/2026
5453,24,28/02/2025 00:00:00,,21532,24/08/2026
5454,25,28/02/2025 00:00:00,,21516,24/08/2026
5455,23,28/02/2025 00:00:00,,21520,24/08/2026
5465,36,21/01/2025 00:00:00,,20446,24/08/2026
5470,44,04/09/2024 00:00:00,,16780,24/08/2026
5475,33,23/07/2024 00:00:00,,15471,24/08/2026
5481,0,07/11/2025 10:33:43,MATÉRIA PRIMA,27634,24/08/2026
5497,16,12/08/2026 16:29:29,MATÉRIA PRIMA,33325,24/08/2026
5505,37,09/12/2024 00:00:00,,20009,24/08/2026
5507,30,07/08/2026 09:17:04,MATÉRIA PRIMA,33282,24/08/2026
5508,45,18/08/2026 09:08:21,MATÉRIA PRIMA,33369,24/08/2026
5509,22,22/08/2025 08:49:46,MATÉRIA PRIMA,25778,24/08/2026
5510,31,04/03/2026 08:49:40,MATÉRIA PRIMA,29708,24/08/2026
5512,15,07/08/2026 08:08:50,MATÉRIA PRIMA,33263,24/08/2026
5513,23,19/02/2026 13:58:37,MATÉRIA PRIMA,29447,24/08/2026
5519,23,30/04/2026 08:41:50,MATÉRIA PRIMA,31223,24/08/2026
5531,16,04/03/2026 08:54:03,MATÉRIA PRIMA,29714,24/08/2026
5533,91,22/11/2024 00:00:00,,19274,24/08/2026
5535,73,07/08/2026 08:09:29,MATÉRIA PRIMA,33264,24/08/2026
5544,21,21/02/2026 14:02:54,MATÉRIA PRIMA,29512,24/08/2026
5545,42,23/10/2024 00:00:00,,18316,24/08/2026
5549,15,11/05/2026 15:01:08,MATÉRIA PRIMA,31382,24/08/2026
5551,44,23/09/2024 00:00:00,,17471,24/08/2026
5552,24,26/06/2026 08:26:00,MATÉRIA PRIMA,32258,24/08/2026
5558,34,30/09/2024 00:00:00,,17727,24/08/2026
5561,7,13/11/2024 00:00:00,,19017,24/08/2026
5563,18,17/10/2024 00:00:00,,18175,24/08/2026
5567,30,26/01/2026 08:33:26,MATÉRIA PRIMA,28967,24/08/2026
5575,34,30/01/2025 00:00:00,,20750,24/08/2026
5576,38,30/01/2025 00:00:00,,20748,24/08/2026
5577,25,22/02/2025 00:00:00,,21338,24/08/2026
5578,35,22/11/2024 00:00:00,,19254,24/08/2026
5579,26,30/01/2025 00:00:00,,20797,24/08/2026
5580,42,22/11/2024 00:00:00,,19266,24/08/2026
5589,39,17/10/2024 00:00:00,,18178,24/08/2026
5592,22,03/06/2025 13:31:20,MATÉRIA PRIMA,24015,24/08/2026
5593,0,07/02/2025 00:00:00,,21065,24/08/2026
5594,28,10/06/2025 14:51:04,MATÉRIA PRIMA,24102,24/08/2026
5595,34,05/03/2025 00:00:00,,21573,24/08/2026
5597,25,28/11/2024 00:00:00,,19483,24/08/2026
5598,4,24/08/2026 08:17:25,MATÉRIA PRIMA,33419,24/08/2026
5599,17,22/02/2025 00:00:00,,21348,24/08/2026
5600,31,16/01/2025 00:00:00,,20332,24/08/2026
5601,20,28/05/2026 09:19:14,MATÉRIA PRIMA,31778,24/08/2026
5604,9,07/08/2026 09:26:01,MATÉRIA PRIMA,33285,24/08/2026
5605,29,28/04/2025 15:15:41,MATÉRIA PRIMA,23069,24/08/2026
5606,34,15/10/2024 00:00:00,,18133,24/08/2026
5607,10,29/01/2025 00:00:00,,20688,24/08/2026
5608,11,22/11/2024 00:00:00,,19269,24/08/2026
5611,26,21/01/2025 00:00:00,,20443,24/08/2026
5612,19,28/04/2025 16:26:13,MATÉRIA PRIMA,23094,24/08/2026
5613,34,09/12/2024 00:00:00,,19934,24/08/2026
5617,0,26/11/2024 00:00:00,,19383,24/08/2026
5641,24,13/04/2026 09:37:37,MATÉRIA PRIMA,30606,24/08/2026
5642,22,14/01/2025 00:00:00,,20257,24/08/2026
5645,19,11/08/2025 16:20:40,MATÉRIA PRIMA,25489,24/08/2026
5679,20,04/03/2025 00:00:00,,21550,24/08/2026
5683,0,31/03/2025 17:00:39,MATÉRIA PRIMA,22440,24/08/2026
5696,76,17/06/2025 09:17:46,MATÉRIA PRIMA,24239,24/08/2026
5700,26,07/07/2026 11:03:29,MATÉRIA PRIMA,32580,24/08/2026
5703,30,17/08/2026 08:05:32,MATÉRIA PRIMA,33349,24/08/2026
5706,12,23/07/2025 11:13:05,MATÉRIA PRIMA,25127,24/08/2026
5707,7,28/07/2025 14:43:25,MATÉRIA PRIMA,25204,24/08/2026
5710,23,28/07/2025 14:48:16,MATÉRIA PRIMA,25206,24/08/2026
5711,19,03/08/2026 07:40:57,MATÉRIA PRIMA,33088,24/08/2026
5712,22,14/04/2025 11:15:30,MATÉRIA PRIMA,22688,24/08/2026
5713,16,02/03/2026 16:04:04,MATÉRIA PRIMA,29685,24/08/2026
5716,27,16/05/2025 13:35:28,MATÉRIA PRIMA,23482,24/08/2026
5722,23,16/07/2025 15:39:44,MATÉRIA PRIMA,24993,24/08/2026
5729,0,19/06/2025 13:23:50,MATÉRIA PRIMA,24350,24/08/2026
5730,0,10/04/2025 10:11:47,MATÉRIA PRIMA,22647,24/08/2026
5732,28,30/07/2025 10:29:12,MATÉRIA PRIMA,25238,24/08/2026
5743,38,10/04/2025 08:23:51,MATÉRIA PRIMA,22632,24/08/2026
5749,0,10/07/2025 10:22:22,MATÉRIA PRIMA,24767,24/08/2026
5758,18,03/08/2026 07:30:29,MATÉRIA PRIMA,33083,24/08/2026
5759,24,22/04/2025 09:23:37,MATÉRIA PRIMA,22836,24/08/2026
5768,15,18/08/2026 09:09:29,MATÉRIA PRIMA,33370,24/08/2026
5769,28,06/05/2025 08:47:27,MATÉRIA PRIMA,23237,24/08/2026
5820,19,12/05/2026 07:41:31,MATÉRIA PRIMA,31402,24/08/2026
5833,21,21/05/2026 07:47:53,MATÉRIA PRIMA,31586,24/08/2026
5834,6,04/08/2026 09:46:19,MATÉRIA PRIMA,33155,24/08/2026
5835,0,08/07/2025 13:15:33,MATÉRIA PRIMA,24702,24/08/2026
5845,7,04/08/2026 08:31:25,MATÉRIA PRIMA,33115,24/08/2026
5849,0,22/08/2025 16:38:05,MATÉRIA PRIMA,25785,24/08/2026
5850,21,07/08/2025 14:15:30,MATÉRIA PRIMA,25428,24/08/2026
5855,29,18/08/2026 09:10:31,MATÉRIA PRIMA,33371,24/08/2026
5890,24,24/10/2025 08:45:37,MATÉRIA PRIMA,27321,24/08/2026
5891,25,20/01/2026 08:14:09,MATÉRIA PRIMA,28844,24/08/2026
5894,23,02/03/2026 15:43:09,MATÉRIA PRIMA,29673,24/08/2026
5896,21,12/02/2026 13:33:13,MATÉRIA PRIMA,29371,24/08/2026
5907,15,25/11/2025 10:44:46,MATÉRIA PRIMA,28050,24/08/2026
5918,23,14/10/2025 08:42:19,MATÉRIA PRIMA,26882,24/08/2026
5936,3,24/08/2026 08:17:25,MATÉRIA PRIMA,33414,24/08/2026
5938,8,24/08/2026 08:17:25,MATÉRIA PRIMA,33421,24/08/2026
5944,24,29/10/2025 11:11:43,MATÉRIA PRIMA,27459,24/08/2026
5961,23,06/11/2025 10:30:44,MATÉRIA PRIMA,27586,24/08/2026
5965,13,27/02/2026 07:54:50,MATÉRIA PRIMA,29607,24/08/2026
5966,18,07/02/2026 15:45:08,MATÉRIA PRIMA,29316,24/08/2026
5979,25,06/11/2025 10:32:42,MATÉRIA PRIMA,27587,24/08/2026
5982,17,04/08/2026 09:47:42,MATÉRIA PRIMA,33157,24/08/2026
5992,0,15/04/2026 15:16:08,MATÉRIA PRIMA,30833,24/08/2026
5998,31,13/08/2026 08:14:08,MATÉRIA PRIMA,33332,24/08/2026
6001,24,03/08/2026 07:26:52,MATÉRIA PRIMA,33081,24/08/2026
6002,67,04/08/2026 10:59:20,MATÉRIA PRIMA,33199,24/08/2026
6007,24,27/04/2026 11:25:21,MATÉRIA PRIMA,31114,24/08/2026
6008,19,06/08/2026 10:47:12,MATÉRIA PRIMA,33252,24/08/2026
6009,1,07/08/2026 09:18:01,MATÉRIA PRIMA,33283,24/08/2026
6038,21,05/08/2026 09:10:22,MATÉRIA PRIMA,33228,24/08/2026
6056,7,24/08/2026 08:17:25,MATÉRIA PRIMA,33417,24/08/2026
6086,30,24/08/2026 14:33:26,MATÉRIA PRIMA,33433,24/08/2026
6100,17,29/06/2026 07:32:43,MATÉRIA PRIMA,32393,24/08/2026
6103,11,25/08/2026 08:23:42,MATÉRIA PRIMA,33458,25/08/2026
6104,"12,01",25/08/2026 08:34:36,MATÉRIA PRIMA,33463,25/08/2026
6105,14,24/08/2026 08:17:25,MATÉRIA PRIMA,33415,24/08/2026
6106,56,27/07/2026 11:32:04,MATÉRIA PRIMA,32955,24/08/2026
6108,0,31/03/2026 14:57:37,MATÉRIA PRIMA,30326,24/08/2026
6109,17,21/05/2026 10:37:49,MATÉRIA PRIMA,31658,24/08/2026
6127,22,13/04/2026 15:40:53,MATÉRIA PRIMA,30681,24/08/2026
6139,24,19/05/2026 09:02:45,MATÉRIA PRIMA,31546,24/08/2026
6159,24,08/04/2026 14:02:45,MATÉRIA PRIMA,30512,24/08/2026
4085/1,113,24/08/2026 13:13:06,MATÉRIA PRIMA,33430,24/08/2026
4655/1,16,03/07/2023 00:00:00,,5246,24/08/2026
4382/1,0,29/08/2023 00:00:00,,6966,24/08/2026
267/1,31,04/12/2025 10:36:09,MATÉRIA PRIMA,28248,24/08/2026
4289/1,0,29/08/2023 00:00:00,,6965,24/08/2026
4422/1,41,22/05/2023 00:00:00,,3988,24/08/2026
4608/1,0,29/08/2023 00:00:00,,6969,24/08/2026
240/1,43,03/07/2023 00:00:00,,5224,24/08/2026
1034/1P,0,29/08/2023 00:00:00,,6956,24/08/2026
11/1P,0,29/08/2023 00:00:00,,6957,24/08/2026
20/1P,0,11/08/2023 00:00:00,,6433,24/08/2026
24/1P,0,29/08/2023 00:00:00,,6958,24/08/2026
253/1P,0,29/08/2023 00:00:00,,6959,24/08/2026
262/1,0,13/07/2026 14:53:21,MATÉRIA PRIMA,32704,24/08/2026
263/1P,0,28/06/2023 00:00:00,,5075,24/08/2026
312/1P,0,29/08/2023 00:00:00,,6960,24/08/2026
334/1P,0,03/08/2023 00:00:00,,6133,24/08/2026
4072/1,0,29/08/2023 00:00:00,,6962,24/08/2026
4149/1P,0,29/08/2023 00:00:00,,6964,24/08/2026
449/1,0,29/08/2023 00:00:00,,6968,24/08/2026
474/1,0,29/08/2023 00:00:00,,6974,24/08/2026
503/1P,0,29/08/2023 00:00:00,,6978,24/08/2026
66/1P,0,03/08/2023 00:00:00,,6148,24/08/2026
9/1P,0,14/11/2023 00:00:00,,8717,24/08/2026
94/1P,0,29/08/2023 00:00:00,,6982,24/08/2026
95/1P,0,11/08/2023 00:00:00,,6446,24/08/2026
CLAY CRU,0,29/08/2023 00:00:00,,6985,24/08/2026
4676/1,0,29/08/2023 00:00:00,,6971,24/08/2026
1104 HE,22,20/08/2021 00:00:00,,54,24/08/2026
4510/1,32,25/07/2024 00:00:00,,15564,24/08/2026
469/1,0,29/08/2023 00:00:00,,6972,24/08/2026
FIO BRILHANTE,0,21/11/2023 00:00:00,,9009,24/08/2026
4692/1,0,29/08/2023 00:00:00,,6973,24/08/2026
4470/1,0,29/08/2023 00:00:00,,6967,24/08/2026
4645/1,0,29/08/2023 00:00:00,,6970,24/08/2026
1223 HE,18,20/09/2021 00:00:00,,72,24/08/2026
1224 HE,10,20/09/2021 00:00:00,,73,24/08/2026
1226 HE,12,20/09/2021 00:00:00,,74,24/08/2026
1231 HE,20,20/09/2021 00:00:00,,75,24/08/2026
1238 BRIGHT LIME,17,20/09/2021 00:00:00,,76,24/08/2026
1239 HE,26,20/09/2021 00:00:00,,77,24/08/2026
1203 HE,18,11/10/2021 00:00:00,,85,24/08/2026
4737/1,0,28/01/2025 00:00:00,,20642,24/08/2026
383/1,53,03/07/2023 00:00:00,,5228,24/08/2026
32/1P,0,29/08/2023 00:00:00,,6961,24/08/2026
296/1P,5,16/02/2024 00:00:00,,11044,24/08/2026
916/1p,49,05/01/2022 00:00:00,,101,24/08/2026
213/1,0,23/10/2023 00:00:00,,8185,24/08/2026
678 RECICLADO,0,29/05/2023 00:00:00,,4325,24/08/2026
24/2 ALG,46,03/02/2022 00:00:00,,117,24/08/2026
4342/1,0,21/08/2025 09:19:39,MATÉRIA PRIMA,25762,24/08/2026
8//1,0,21/09/2023 00:00:00,,7539,24/08/2026
4436 RECICLADO,16,24/02/2022 00:00:00,,127,24/08/2026
4798/1,34,02/03/2022 00:00:00,,130,24/08/2026
4808/1,0,13/03/2025 14:32:56,MATÉRIA PRIMA,21868,24/08/2026
408/1,22,03/07/2023 00:00:00,,5231,24/08/2026
4260/1,24,03/07/2023 00:00:00,,5236,24/08/2026
4813 RECICLADO,0,05/05/2023 00:00:00,,3638,24/08/2026
99/1,0,09/05/2024 00:00:00,,13431,24/08/2026
4766/1,21,15/03/2022 00:00:00,,141,24/08/2026
4186/1,26,03/07/2023 00:00:00,,5234,24/08/2026
512/1,64,25/03/2022 00:00:00,,145,24/08/2026
4894 RECICLADO,72,04/04/2022 00:00:00,,148,24/08/2026
63 RECICLADO,0,29/05/2023 00:00:00,,4321,24/08/2026
4029/1,26,03/07/2023 00:00:00,,5229,24/08/2026
4770/1,44,03/07/2023 00:00:00,,5247,24/08/2026
4454/1,38,13/04/2022 00:00:00,,161,24/08/2026
4623/1,0,03/11/2025 10:41:57,MATÉRIA PRIMA,27521,24/08/2026
4761/1,20,13/04/2022 00:00:00,,163,24/08/2026
472/1P,32,14/04/2022 00:00:00,,166,24/08/2026
4646/1,30,20/04/2022 00:00:00,,168,24/08/2026
1001 ( TRAMA ),129,28/04/2022 00:00:00,,169,24/08/2026
4771/1,0,19/06/2025 13:55:55,MATÉRIA PRIMA,24359,24/08/2026
698/1,26,29/04/2022 00:00:00,,172,24/08/2026
4741/1,0,13/05/2024 00:00:00,,13554,24/08/2026
803 RECICLADO,63,12/05/2022 00:00:00,,178,24/08/2026
4903 RECICLADO,118,13/05/2022 00:00:00,,179,24/08/2026
4147/1,71,19/05/2022 00:00:00,,181,24/08/2026
4069/1,0,21/08/2025 09:12:29,MATÉRIA PRIMA,25760,24/08/2026
4148/1P,37,24/05/2022 00:00:00,,184,24/08/2026
192/1,0,22/06/2023 00:00:00,,4906,24/08/2026
4107/1,44,22/09/2025 15:12:09,MATÉRIA PRIMA,26525,24/08/2026
470/1,30,30/05/2022 00:00:00,,187,24/08/2026
4769/1,25,31/05/2022 00:00:00,,188,24/08/2026
4984 RECICLADO,87,03/06/2022 00:00:00,,193,24/08/2026
4890/1,30,04/06/2022 00:00:00,,194,24/08/2026
1068 GLOW YELLOW,36,16/06/2022 00:00:00,,199,24/08/2026
1214 ROSE GOLD,21,16/06/2022 00:00:00,,200,24/08/2026
4453/1,36,03/07/2023 00:00:00,,5243,24/08/2026
4452/1,74,03/07/2023 00:00:00,,5242,24/08/2026
901 RECICLADO,36,25/04/2024 00:00:00,,13027,24/08/2026
100/1,94,04/08/2026 10:04:14,MATÉRIA PRIMA,33160,24/08/2026
5072/1,52,03/07/2023 00:00:00,,5250,24/08/2026
4983 RECICLADO,63,10/08/2022 00:00:00,,219,24/08/2026
698 RECICLADO,69,15/08/2022 00:00:00,,221,24/08/2026
557 RECICLADO,85,17/08/2022 00:00:00,,224,24/08/2026
4760/1,44,18/08/2022 00:00:00,,225,24/08/2026
496/1,0,21/11/2023 00:00:00,,8997,24/08/2026
5016/1,48,19/08/2022 00:00:00,,227,24/08/2026
4585/1,0,03/11/2025 10:43:26,MATÉRIA PRIMA,27522,24/08/2026
4383/1,67,03/07/2023 00:00:00,,5241,24/08/2026
4302/1,18,10/10/2023 00:00:00,,7915,24/08/2026
447/1,0,20/07/2023 00:00:00,,5619,24/08/2026
467/1,92,07/09/2022 00:00:00,,246,24/08/2026
1287 AMBER,10,28/04/2023 00:00:00,,3409,24/08/2026
4096/1,45,15/01/2024 00:00:00,,10106,24/08/2026
213/1P,9,19/09/2022 00:00:00,,254,24/08/2026
4767/1,196,04/03/2024 00:00:00,,11506,24/08/2026
4822/1,147,03/07/2023 00:00:00,,5248,24/08/2026
1218 MAKO BLUE,55,20/09/2022 00:00:00,,257,24/08/2026
1237 THUNDER BLUE,25,20/09/2022 00:00:00,,258,24/08/2026
1241 METROPOLIS,43,20/09/2022 00:00:00,,259,24/08/2026
1256 SOFT LAVANDER,32,20/09/2022 00:00:00,,260,24/08/2026
1258 LAKE DRIVE,48,20/09/2022 00:00:00,,261,24/08/2026
1259 ( BARELY ROSE ),64,20/09/2022 00:00:00,,262,24/08/2026
1262 DRIED BERRY,76,20/09/2022 00:00:00,,263,24/08/2026
1263 CLAY GREY,36,20/09/2022 00:00:00,,264,24/08/2026
1272 BLUE HRMONY,23,20/09/2022 00:00:00,,265,24/08/2026
4699 RECICLADO,0,20/03/2025 15:54:42,MATÉRIA PRIMA,22041,24/08/2026
1260 FIRY RED,11,21/09/2022 00:00:00,,271,24/08/2026
4735/1,14,21/09/2022 00:00:00,,272,24/08/2026
4867/1,18,21/09/2022 00:00:00,,273,24/08/2026
396 RECICLADO,98,22/09/2022 00:00:00,,274,24/08/2026
4702 RECICLADO,89,29/11/2023 00:00:00,,9313,24/08/2026
4999 RECICLADO,90,22/09/2022 00:00:00,,276,24/08/2026
529 RECICLADO,0,08/01/2024 00:00:00,,9959,24/08/2026
1012 VERMELHO ACIDO,54,26/09/2022 00:00:00,,279,24/08/2026
1198 SEA GLASS,23,26/09/2022 00:00:00,,280,24/08/2026
1209 GRAND SHARK,40,26/09/2022 00:00:00,,281,24/08/2026
1210 DIRECT BLUE,63,26/09/2022 00:00:00,,282,24/08/2026
1215 PINK GLOW,33,26/09/2022 00:00:00,,283,24/08/2026
1220 PURE SILVER,40,26/09/2022 00:00:00,,284,24/08/2026
1227 PINK SALT,32,26/09/2022 00:00:00,,285,24/08/2026
1228 HE,21,26/09/2022 00:00:00,,286,24/08/2026
1229 SMOKE BLUE,37,26/09/2022 00:00:00,,287,24/08/2026
1240 MONACO BLUE,4,26/09/2022 00:00:00,,288,24/08/2026
1261 OASIS GREEN,20,26/09/2022 00:00:00,,289,24/08/2026
1278 ASICS BLUE,17,26/09/2022 00:00:00,,290,24/08/2026
4472/1,0,15/04/2024 00:00:00,,12787,24/08/2026
4634 RECICLADO,29,30/06/2025 14:25:51,MATÉRIA PRIMA,24576,24/08/2026
4967 RECICLADO,0,30/06/2025 09:12:57,MATÉRIA PRIMA,24461,24/08/2026
4970/1,37,27/09/2022 00:00:00,,295,24/08/2026
4474/1P,18,28/09/2022 00:00:00,,298,24/08/2026
1283 VELVET PINE,22,29/09/2022 00:00:00,,300,24/08/2026
1292 CRANBERRY,36,29/09/2022 00:00:00,,301,24/08/2026
4873 RECICLADO,90,30/09/2022 00:00:00,,304,24/08/2026
4358/1,11,03/07/2023 00:00:00,,5240,24/08/2026
881/1,0,17/09/2024 00:00:00,,17248,24/08/2026
339/1P,21,05/10/2022 00:00:00,,319,24/08/2026
5059 RECICLADO,99,05/10/2022 00:00:00,,320,24/08/2026
4139 RECICLADO,0,28/11/2023 00:00:00,,9236,24/08/2026
1190 SHEET ROCK,21,07/10/2022 00:00:00,,323,24/08/2026
442 RECICLADO,110,10/10/2022 00:00:00,,335,24/08/2026
206/1P,12,11/10/2022 00:00:00,,337,24/08/2026
545 RECICLADO,0,10/03/2026 13:42:59,MATÉRIA PRIMA,29903,24/08/2026
72/1P,21,25/09/2023 00:00:00,,7609,24/08/2026
1216 PORE GOLD,22,19/10/2022 00:00:00,,342,24/08/2026
4627/1,61,10/04/2023 00:00:00,,2893,24/08/2026
1289 SEA GLASS,15,16/08/2023 00:00:00,,6554,24/08/2026
4930/1,38,25/10/2022 00:00:00,,347,24/08/2026
567 RECICLADO,94,23/02/2024 00:00:00,,11317,24/08/2026
5040 RECICLADO,41,07/11/2022 00:00:00,,357,24/08/2026
5058 RECICLADO,0,17/09/2024 00:00:00,,17250,24/08/2026
4681/1,45,09/11/2022 00:00:00,,359,24/08/2026
4989/1,29,04/12/2023 00:00:00,,9474,24/08/2026
684/1,41,09/11/2022 00:00:00,,361,24/08/2026
303/1P,0,07/08/2023 00:00:00,,6248,24/08/2026
104/1P,27,12/11/2025 08:16:00,MATÉRIA PRIMA,27735,24/08/2026
4249 RECICLADO,45,14/11/2022 00:00:00,,366,24/08/2026
1230 FRENCH BLUE,26,04/03/2024 00:00:00,,11510,24/08/2026
5038/1P,38,17/11/2022 00:00:00,,368,24/08/2026
5097/1,88,03/07/2023 00:00:00,,5251,24/08/2026
4265/1,66,03/07/2023 00:00:00,,5237,24/08/2026
4317/1,0,21/11/2023 00:00:00,,8992,24/08/2026
4954/1,55,21/11/2022 00:00:00,,375,24/08/2026
BORRACHA REVESTIDA BRANCA,136,21/11/2022 00:00:00,,376,24/08/2026
496 RECICLADO,0,10/04/2025 08:30:53,MATÉRIA PRIMA,22635,24/08/2026
5027 RECICLADO,53,16/10/2023 00:00:00,,7983,24/08/2026
515 RECICLADO,49,22/11/2022 00:00:00,,379,24/08/2026
560 RECICLADO,84,23/11/2022 00:00:00,,380,24/08/2026
4416 RECICLADO,48,26/04/2024 00:00:00,,13060,24/08/2026
4588 RECICLADO,0,14/03/2025 10:53:57,MATÉRIA PRIMA,21881,24/08/2026
1276 DEEP PLUM,36,28/11/2022 00:00:00,,388,24/08/2026
1300 BARELY ROSE,23,28/11/2022 00:00:00,,389,24/08/2026
1301 SAGE,24,28/11/2022 00:00:00,,390,24/08/2026
4199/1,39,03/07/2023 00:00:00,,5235,24/08/2026
4186 RECICLADO,169,30/11/2022 00:00:00,,393,24/08/2026
4109 RECICLADO,74,01/06/2023 00:00:00,,4449,24/08/2026
4313/1,50,24/08/2026 13:13:06,MATÉRIA PRIMA,33429,24/08/2026
1293 FROSTED ROSE,73,08/12/2022 00:00:00,,399,24/08/2026
267 RECICLADO,0,07/07/2025 10:00:16,MATÉRIA PRIMA,24624,24/08/2026
459 RECICLADO,0,30/06/2025 09:01:54,MATÉRIA PRIMA,24456,24/08/2026
5044 RECICLADO,0,10/03/2026 14:37:09,MATÉRIA PRIMA,29904,24/08/2026
5118/1,46,09/12/2022 00:00:00,,405,24/08/2026
BORRACHA REVESTIDA PRETA,144,09/12/2022 00:00:00,,406,24/08/2026
155 RECICLADO,16,12/11/2024 00:00:00,,18993,24/08/2026
4185 RECICLADO,0,01/06/2023 00:00:00,,4450,24/08/2026
4190 RECICLADO,0,16/09/2025 17:08:46,MATÉRIA PRIMA,26281,24/08/2026
603 RECICLADO,0,29/08/2023 00:00:00,,6980,24/08/2026
1221 SUN PEACH,45,19/12/2022 00:00:00,,415,24/08/2026
100 ANTEX,0,21/11/2023 00:00:00,,8968,24/08/2026
100/1P,0,28/04/2026 09:19:51,MATÉRIA PRIMA,31137,24/08/2026
30/2 CRU,402,20/02/2026 09:04:49,MATÉRIA PRIMA,29492,24/08/2026
4355/1,12,28/04/2025 14:50:24,MATÉRIA PRIMA,23064,24/08/2026
4626/1,73,30/01/2024 00:00:00,,10554,24/08/2026
4707/1,29,04/04/2024 00:00:00,,12519,24/08/2026
4765/1,58,14/03/2023 00:00:00,,2324,24/08/2026
5107/1,32,13/03/2023 00:00:00,,2248,24/08/2026
ACETONA,"474,55",25/08/2026 17:02:20,QUIMICO,33468,25/08/2026
100 ENCHIMENTO,0,17/11/2023 00:00:00,,8884,24/08/2026
4021 RECICLADO,0,24/01/2025 00:00:00,,20546,24/08/2026
4241/1,41,09/12/2024 00:00:00,,19950,24/08/2026
4346/1,38,03/07/2023 00:00:00,,5239,24/08/2026
4683/1,0,19/06/2025 13:43:37,MATÉRIA PRIMA,24357,24/08/2026
4821/1,38,25/07/2024 00:00:00,,15557,24/08/2026
4939/1,80,03/07/2023 00:00:00,,5249,24/08/2026
5096/1,49,17/04/2023 00:00:00,,3104,24/08/2026
987/1,38,27/07/2026 08:16:42,MATÉRIA PRIMA,32916,24/08/2026
308 RECICLADO,189,02/12/2024 00:00:00,,19693,24/08/2026
4085 ANTEX POLIESTE,0,10/04/2023 00:00:00,,2890,24/08/2026
947/1P,32,26/02/2025 00:00:00,,21399,24/08/2026
1318 IDIGO BLUE,30,05/06/2023 00:00:00,,4517,24/08/2026
1321 PINK RAVE,73,28/08/2023 00:00:00,,6878,24/08/2026
4219/1,23,24/08/2026 13:13:06,MATÉRIA PRIMA,33426,24/08/2026
4433/1,38,03/03/2023 00:00:00,,1987,24/08/2026
481/1,14,15/05/2026 13:42:55,MATÉRIA PRIMA,31528,24/08/2026
5099/1,22,13/03/2023 00:00:00,,2247,24/08/2026
4085 ANTEX RECICLADO,0,01/02/2023 00:00:00,,1159,24/08/2026
4099 RECICLADO,33,08/04/2025 09:28:05,MATÉRIA PRIMA,22586,24/08/2026
4174 RECICLADO,0,03/04/2024 00:00:00,,12488,24/08/2026
4593 RECICLADO,0,17/06/2025 09:37:52,MATÉRIA PRIMA,24248,24/08/2026
486/1,0,30/09/2025 16:37:13,MATÉRIA PRIMA,26662,24/08/2026
533 RECICLADO,0,27/03/2025 08:51:59,MATÉRIA PRIMA,22245,24/08/2026
4630/1,0,10/01/2023 00:00:00,,496,24/08/2026
4753 RECICLADO,107,10/01/2023 00:00:00,,497,24/08/2026
4910/1,33,18/04/2023 00:00:00,,3120,24/08/2026
653/1,0,24/04/2024 00:00:00,,12995,24/08/2026
100 RECICLADO,0,20/03/2025 15:47:43,MATÉRIA PRIMA,22037,24/08/2026
1001 ( PRETO ),0,22/03/2024 00:00:00,,12165,24/08/2026
104 RECICLADO,0,18/03/2024 00:00:00,,11986,24/08/2026
1182/1 PETALA,27,13/04/2023 00:00:00,,3006,24/08/2026
1222 CARRIER GREY,17,05/06/2023 00:00:00,,4515,24/08/2026
1319 PAPAYA,42,28/08/2023 00:00:00,,6877,24/08/2026
369 RECICLADO,0,12/06/2025 15:47:55,MATÉRIA PRIMA,24147,24/08/2026
4056/1,18,10/04/2023 00:00:00,,2889,24/08/2026
4259 RECICLADO,0,26/03/2026 08:22:48,MATÉRIA PRIMA,30206,24/08/2026
4545 RECICLADO,0,20/10/2025 11:02:24,MATÉRIA PRIMA,27097,24/08/2026
57/1,10,04/08/2026 10:04:50,MATÉRIA PRIMA,33161,24/08/2026
972 RECICLADO,0,15/10/2025 15:11:02,MATÉRIA PRIMA,26975,24/08/2026
102 UNIFI,0,06/06/2024 00:00:00,,14239,24/08/2026
1217 FLACH CORAL,40,19/05/2023 00:00:00,,3949,24/08/2026
566/1,0,08/03/2024 00:00:00,,11783,24/08/2026
TRAMADO ALXILIAR MULLER,1,16/12/2024 00:00:00,,20101,24/08/2026
1002 WHITE,87,30/05/2023 00:00:00,,4374,24/08/2026
101 RECICLADO,0,30/07/2025 15:02:45,MATÉRIA PRIMA,25267,24/08/2026
135/1P,20,07/01/2026 14:07:32,MATÉRIA PRIMA,28671,24/08/2026
390 RECICLADO,64,17/07/2023 00:00:00,,5540,24/08/2026
4662 RECICLADO,0,02/04/2025 16:56:53,MATÉRIA PRIMA,22512,24/08/2026
4750/1,21,11/11/2025 13:18:47,MATÉRIA PRIMA,27725,24/08/2026
481/1P,0,28/04/2026 09:17:08,MATÉRIA PRIMA,31135,24/08/2026
4982 RECICLADO,40,13/01/2023 00:00:00,,590,24/08/2026
5025 RECICLADO,0,30/04/2025 10:28:28,MATÉRIA PRIMA,23140,24/08/2026
5026 RECICLADO,32,13/01/2023 00:00:00,,592,24/08/2026
52/1,11,28/05/2026 10:02:16,MATÉRIA PRIMA,31805,24/08/2026
ACETATO ECOLOGICO 40 MM,"369,6",24/07/2026 16:53:02,MATÉRIA PRIMA,32900,24/08/2026
AGULHA 7673,0,11/11/2025 15:39:38,PEÇAS PARA TEAR,27732,24/08/2026
AGULHA 7773,0,01/09/2025 16:35:19,PEÇAS PARA TEAR,25971,24/08/2026
AGULHA 79119,800,22/05/2026 09:43:00,PEÇAS PARA TEAR,31694,24/08/2026
BORRACHA BRANCA 28,259,23/01/2024 00:00:00,,10329,24/08/2026
BORRACHA BRANCA 38,240,04/08/2026 10:53:02,BORRACHAS,33190,24/08/2026
BORRACHA PRETA 28,104,19/05/2026 14:00:10,BORRACHAS,31568,24/08/2026
BORRACHA PRETA 38,233,25/08/2026 11:28:31,BORRACHAS,33467,25/08/2026
SACO 15X75,290,08/04/2025 15:21:17,EMBALAGEM,22600,24/08/2026
SACO 40X50,260,23/07/2026 15:14:08,EMBALAGEM,32889,24/08/2026
SACO 40X85,40,20/08/2026 09:35:35,EMBALAGEM,33396,24/08/2026
SACO75X100,300,26/08/2026 09:28:50,EMBALAGEM,33473,26/08/2026
TRAMADO 12JK 8X30,0,24/09/2025 16:44:08,PEÇAS PARA TEAR,26593,24/08/2026
TRAMADO 2JK 6X55,0,24/09/2025 16:35:32,PEÇAS PARA TEAR,26592,24/08/2026
TRAMADO 4K 6X45,12,20/08/2026 13:21:29,PEÇAS PARA TEAR,33398,24/08/2026
TRAMADO 7M 8X27,22,09/06/2026 13:11:18,PEÇAS PARA TEAR,31986,24/08/2026
TRAMADO ALXILIAR 39-GFX4X96,19,21/01/2026 16:18:11,PEÇAS PARA TEAR,28893,24/08/2026
TRAMADO NR 3,10,18/11/2025 14:16:50,PEÇAS PARA TEAR,27934,24/08/2026
2000 30-2,0,13/04/2023 00:00:00,,3008,24/08/2026
ACETATO MINAS 40MM,528,24/07/2026 16:58:45,MATÉRIA PRIMA,32901,24/08/2026
COLA,0,18/02/2025 00:00:00,,21273,24/08/2026
NUVA,25,21/01/2025 00:00:00,,20450,24/08/2026
100/1 ANTEX,0,14/07/2023 00:00:00,,5500,24/08/2026
1284 GRAPHITE GREY,15,19/06/2023 00:00:00,,4837,24/08/2026
1285 ELETRIC BLUE,32,14/06/2023 00:00:00,,4770,24/08/2026
1286 DEEP OCEAN,31,28/04/2023 00:00:00,,3408,24/08/2026
1290 DIVA BLUE,52,28/08/2023 00:00:00,,6876,24/08/2026
1291 ORCHID,53,13/03/2023 00:00:00,,2231,24/08/2026
278 RECICLADO,59,10/05/2024 00:00:00,,13496,24/08/2026
289 RECICLADO,45,11/03/2024 00:00:00,,11859,24/08/2026
4467/1,37,18/10/2024 00:00:00,,18209,24/08/2026
5052/1,46,18/01/2023 00:00:00,,728,24/08/2026
5139/1,45,30/01/2023 00:00:00,,1058,24/08/2026
5149/1,0,07/07/2025 16:37:12,MATÉRIA PRIMA,24686,24/08/2026
578/1,0,12/12/2023 00:00:00,,9827,24/08/2026
NYLON 015,142,27/02/2023 00:00:00,,1850,24/08/2026
"REFLETIVO 0,5",15382,27/02/2023 00:00:00,,1851,24/08/2026
4008 RECICLADO,51,05/07/2023 00:00:00,,5330,24/08/2026
4148 RECICLADO,0,15/10/2025 15:14:54,MATÉRIA PRIMA,26978,24/08/2026
4498 RECICLADO,0,05/07/2024 00:00:00,,15067,24/08/2026
481 RECICLADO,0,25/03/2025 11:01:38,MATÉRIA PRIMA,22174,24/08/2026
4981 RECICLADO,32,04/06/2025 09:28:56,MATÉRIA PRIMA,24040,24/08/2026
5175 RECICLADO,16,27/02/2023 00:00:00,,1844,24/08/2026
621 RECICLADO,27,21/10/2024 00:00:00,,18224,24/08/2026
4061/1,22,20/01/2023 00:00:00,,763,24/08/2026
4174/1,0,10/10/2023 00:00:00,,7913,24/08/2026
4345/1,71,08/05/2023 00:00:00,,3702,24/08/2026
4489 RECICLADO,0,30/04/2025 09:57:04,MATÉRIA PRIMA,23134,24/08/2026
4887/1,0,01/06/2023 00:00:00,,4455,24/08/2026
4909/1,60,15/05/2023 00:00:00,,3847,24/08/2026
4929/1,73,03/11/2023 00:00:00,,8442,24/08/2026
494/1,0,28/02/2025 00:00:00,,21541,24/08/2026
599/1,0,19/11/2025 10:35:13,MATÉRIA PRIMA,27986,24/08/2026
150 RECICLADO,0,17/06/2025 09:42:38,MATÉRIA PRIMA,24250,24/08/2026
4000 RECICLADO,13,16/08/2023 00:00:00,,6558,24/08/2026
4409 RECICLADO,0,28/07/2025 08:55:03,MATÉRIA PRIMA,25202,24/08/2026
57 RECICLADO,0,16/12/2024 00:00:00,,20091,24/08/2026
596 RECICLADO,0,11/03/2025 00:00:00,,21814,24/08/2026
676/1,27,15/01/2024 00:00:00,,10113,24/08/2026
145/1,26,25/07/2024 00:00:00,,15556,24/08/2026
185/1,0,21/08/2023 00:00:00,,6645,24/08/2026
4293/1,18,14/06/2024 00:00:00,,14441,24/08/2026
4721 RECICLADO,99,28/04/2025 14:43:46,MATÉRIA PRIMA,23063,24/08/2026
53/1,0,03/02/2025 00:00:00,,20862,24/08/2026
296/1,0,22/09/2023 00:00:00,,7557,24/08/2026
1326 REBORN BLUE II,52,15/05/2023 00:00:00,,3837,24/08/2026
260/1,34,14/03/2023 00:00:00,,2317,24/08/2026
30//1,22,03/07/2023 00:00:00,,5227,24/08/2026
4543/1,0,03/06/2024 00:00:00,,14108,24/08/2026
1320 MINERL BEIGE,17,19/05/2023 00:00:00,,3953,24/08/2026
4460 RECICLADO,68,31/01/2023 00:00:00,,1089,24/08/2026
169/1,0,01/02/2023 00:00:00,,1154,24/08/2026
4002/1,18,04/05/2023 00:00:00,,3577,24/08/2026
4085 RECICLADO,0,20/03/2025 15:59:47,MATÉRIA PRIMA,22043,24/08/2026
4185/1,0,05/05/2023 00:00:00,,3633,24/08/2026
4310/1,0,19/06/2025 13:38:47,MATÉRIA PRIMA,24353,24/08/2026
4384/1,52,14/04/2023 00:00:00,,3048,24/08/2026
4649/1,80,22/02/2025 00:00:00,,21351,24/08/2026
5051/1,31,07/02/2023 00:00:00,,1308,24/08/2026
236 RECICLADO,0,30/06/2025 09:11:25,MATÉRIA PRIMA,24460,24/08/2026
5192 RECICLADO,0,07/07/2025 08:44:23,MATÉRIA PRIMA,24612,24/08/2026
339 RECICLADO,0,10/05/2023 00:00:00,,3765,24/08/2026
ENG. COROA NADOLSKY,5,14/07/2026 15:31:13,PEÇAS PARA TRANÇADEIRA,32736,24/08/2026
ENG.ENGATE NADOLSKY,5,14/08/2026 10:02:10,PEÇAS PARA TRANÇADEIRA,33343,24/08/2026
ENG.GARFO TORRE,0,15/05/2026 16:11:30,PEÇAS PARA TRANÇADEIRA,31529,24/08/2026
OLIO ISAFIL,0,18/02/2025 00:00:00,,21274,24/08/2026
4069/1P,24,26/02/2025 00:00:00,,21400,24/08/2026
4293/1P,19,05/03/2025 00:00:00,,21588,24/08/2026
275/1,0,08/03/2024 00:00:00,,11791,24/08/2026
5112 RECICLADO,77,06/09/2023 00:00:00,,7203,24/08/2026
4363/1,12,10/02/2023 00:00:00,,1398,24/08/2026
CAIXA PAPELÃO TEAR,0,06/08/2026 16:27:57,EMBALAGEM,33257,24/08/2026
296 RECICLADO,0,13/02/2023 00:00:00,,1445,24/08/2026
4597 RECICLADO,44,15/11/2023 00:00:00,,8773,24/08/2026
4545 RECICLADO 1 CABO,29,11/03/2024 00:00:00,,11870,24/08/2026
4045 RECICLADO,0,28/07/2025 14:52:38,MATÉRIA PRIMA,25208,24/08/2026
64 RECICLADO,7,20/04/2023 00:00:00,,3208,24/08/2026
4387 RECICLADO,43,30/10/2024 00:00:00,,18664,24/08/2026
4638 RECICLADO,54,17/09/2024 00:00:00,,17291,24/08/2026
4704 RECICLADO,26,20/01/2025 00:00:00,,20364,24/08/2026
4947/1,28,21/09/2023 00:00:00,,7538,24/08/2026
114/1,25,07/08/2026 09:28:07,MATÉRIA PRIMA,33286,24/08/2026
226/1P,30,11/12/2023 00:00:00,,9751,24/08/2026
307/1,18,22/02/2025 00:00:00,,21350,24/08/2026
4750/1P,63,09/10/2024 00:00:00,,17985,24/08/2026
497/1,0,21/06/2023 00:00:00,,4859,24/08/2026
ALMA DE ALGODAO 4/10 CABO,196,21/02/2023 00:00:00,,1748,24/08/2026
ALMA DE ALGODAO 4/3 CABO,2,25/07/2024 00:00:00,,15599,24/08/2026
TUBETE ANEIS DE PAPELÃO ATBS 2X27X14,9850,03/02/2026 13:34:47,EMBALAGEM,29167,24/08/2026
57/1P,0,28/04/2026 09:13:43,MATÉRIA PRIMA,31131,24/08/2026
"LAMELA C.165MM-E0,25MM",0,15/07/2026 11:19:43,PEÇAS PARA TEAR,32748,24/08/2026
SUPORTE DA AGULHA  6X55 GRANDE,17,15/04/2026 14:44:18,PEÇAS PARA TEAR,30832,24/08/2026
SUPORTE DA AGULHA  COM PEZINHO 45 PEQUENO,21,15/04/2026 14:12:57,PEÇAS PARA TEAR,30831,24/08/2026
114 RECICLADO,0,10/07/2024 00:00:00,,15231,24/08/2026
2001 30-2,11,04/08/2026 11:08:21,MATÉRIA PRIMA,33206,24/08/2026
214/1,19,27/07/2026 08:22:42,MATÉRIA PRIMA,32923,24/08/2026
4479/1,44,25/08/2023 00:00:00,,6833,24/08/2026
5211/1,23,11/09/2023 00:00:00,,7234,24/08/2026
5226/1,17,02/08/2023 00:00:00,,6083,24/08/2026
4059/1,25,27/02/2025 00:00:00,,21423,24/08/2026
5208/1,32,15/01/2024 00:00:00,,10111,24/08/2026
5209/1,2,09/02/2024 00:00:00,,10864,24/08/2026
5227/1,18,07/02/2026 15:39:54,MATÉRIA PRIMA,29314,24/08/2026
5244/1,14,02/08/2023 00:00:00,,6084,24/08/2026
ENG.BRONZE TR3 29:1,0,10/03/2023 00:00:00,,2190,24/08/2026
1074 PIEDMONT GREY,12,16/03/2023 00:00:00,,2356,24/08/2026
TUBETE DE PAPELÃO ATBS 2X27X210,4400,10/10/2025 15:37:57,EMBALAGEM,26820,24/08/2026
"ACETATO 40x0,23mmcsy-11 AZUL ESCURO","4,218",23/04/2024 00:00:00,,12939,24/08/2026
"RT TUB INOX 03/8 RETA 1300MM 1,5K/220V",0,10/04/2023 00:00:00,,2906,24/08/2026
ENG.ENGATE TORRE  CONICA NYL,6,05/08/2026 16:56:57,PEÇAS PARA TRANÇADEIRA,33238,24/08/2026
ENG. DE CUBO NYL SIMPLES 003,0,25/11/2025 09:26:10,PEÇAS PARA TRANÇADEIRA,28036,24/08/2026
4314/1,43,22/05/2023 00:00:00,,3987,24/08/2026
4469/1,0,05/07/2024 00:00:00,,15065,24/08/2026
4496/1,38,27/06/2023 00:00:00,,5036,24/08/2026
5210/1,23,16/08/2023 00:00:00,,6566,24/08/2026
5224/1,62,10/07/2023 00:00:00,,5399,24/08/2026
538/1,29,03/07/2023 00:00:00,,5255,24/08/2026
65/1,21,31/07/2023 00:00:00,,5957,24/08/2026
ENG. COMANDO NADOLSK,2,11/08/2026 08:50:42,PEÇAS PARA TRANÇADEIRA,33312,24/08/2026
"MATRIZ 3,0 FEMEA PM 500",0,05/04/2023 00:00:00,,2818,24/08/2026
"MATRIZ 3,0 MACHO PM 500",0,05/04/2023 00:00:00,,2820,24/08/2026
PULIA DENTADA EM ALUMINIO,15,19/07/2023 00:00:00,,5599,24/08/2026
ROLAMENTO ROTULA IMPORTADO GE 6 DO,41,06/07/2026 09:31:10,PEÇAS PARA TEAR,32484,24/08/2026
AGULHA 7993S-011,1900,24/08/2026 16:48:12,PEÇAS PARA TEAR,33441,24/08/2026
102 ALPINA 30-2,0,20/05/2026 07:57:51,MATÉRIA PRIMA,31577,24/08/2026
114 30-2,52,11/10/2024 00:00:00,,18057,24/08/2026
4235 RECICLADO,0,10/04/2025 08:27:07,MATÉRIA PRIMA,22634,24/08/2026
4455 RECICLADO,62,10/06/2024 00:00:00,,14290,24/08/2026
82 RECICLADO,0,21/11/2023 00:00:00,,9003,24/08/2026
4693/1,0,07/08/2023 00:00:00,,6250,24/08/2026
4813/1,50,24/08/2023 00:00:00,,6745,24/08/2026
563/1P,44,29/05/2023 00:00:00,,4317,24/08/2026
ENG TRANSPORTE FEMIA NADOSK,0,29/07/2026 10:04:22,PEÇAS PARA TRANÇADEIRA,32982,24/08/2026
ENG TRANSPORTE MACHO NADOSK,20,29/07/2026 10:08:12,PEÇAS PARA TRANÇADEIRA,32983,24/08/2026
FUSO,150,12/08/2026 15:12:10,PEÇAS PARA TRANÇADEIRA,33322,24/08/2026
209/1P,34,14/03/2024 00:00:00,,11954,24/08/2026
4370/1,14,20/09/2023 00:00:00,,7467,24/08/2026
5265 RECICLADO,84,10/10/2023 00:00:00,,7921,24/08/2026
771 RECICLADO,0,10/08/2023 00:00:00,,6402,24/08/2026
244 RECICLADO,30,13/07/2023 00:00:00,,5472,24/08/2026
4411 RECICLADO,0,11/03/2025 00:00:00,,21840,24/08/2026
4531 RECICLADO,44,05/07/2024 00:00:00,,15048,24/08/2026
5272 RECICLADO,86,22/11/2023 00:00:00,,9040,24/08/2026
5274 RECICLADO,85,25/04/2024 00:00:00,,13024,24/08/2026
ENG. TRANSPORTE 270/330 UNIMAT DE FERRO,0,06/05/2026 14:38:04,PEÇAS PARA TRANÇADEIRA,31319,24/08/2026
263/1,17,24/08/2026 14:33:26,MATÉRIA PRIMA,33434,24/08/2026
ROLAMENTO 126 KG/DPI,14,05/03/2026 14:45:07,MATÉRIA PRIMA,29762,24/08/2026
FIOS COLORIDO ENCHIMENTO,0,13/07/2026 16:52:55,MATÉRIA PRIMA,32706,24/08/2026
4750 RECICLADO,0,09/10/2023 00:00:00,,7871,24/08/2026
"ACETATO  40X0,23MM BRANCO","3,93",03/05/2024 00:00:00,,13240,24/08/2026
95/1,0,23/02/2024 00:00:00,,11326,24/08/2026
101/1,0,30/07/2025 14:54:24,MATÉRIA PRIMA,25264,24/08/2026
135 RECICLADO,0,30/10/2023 00:00:00,,8284,24/08/2026
263 RECICLADO,0,11/01/2024 00:00:00,,10053,24/08/2026
5338/1,0,10/06/2024 00:00:00,,14333,24/08/2026
186/1,0,24/10/2025 15:45:57,MATÉRIA PRIMA,27351,24/08/2026
219/1,22,04/03/2024 00:00:00,,11514,24/08/2026
302/1,0,30/07/2024 00:00:00,,15649,24/08/2026
4139/1,0,07/07/2025 15:41:35,MATÉRIA PRIMA,24674,24/08/2026
4544/1,29,04/12/2023 00:00:00,,9471,24/08/2026
4551/1,64,15/04/2024 00:00:00,,12783,24/08/2026
4568/1,0,03/11/2025 10:19:36,MATÉRIA PRIMA,27518,24/08/2026
4854/1,65,12/04/2024 00:00:00,,12705,24/08/2026
4880/1,24,23/01/2024 00:00:00,,10326,24/08/2026
5151/1,25,12/03/2026 10:36:19,MATÉRIA PRIMA,29938,24/08/2026
5308/1,0,05/03/2024 00:00:00,,11583,24/08/2026
5313/1,41,02/02/2024 00:00:00,,10665,24/08/2026
5318/1,18,17/04/2024 00:00:00,,12858,24/08/2026
5319/1,37,11/03/2024 00:00:00,,11836,24/08/2026
5320/1,20,29/01/2024 00:00:00,,10494,24/08/2026
56/1,0,11/07/2025 10:54:49,MATÉRIA PRIMA,24838,24/08/2026
635/1,22,20/10/2023 00:00:00,,8169,24/08/2026
760/1,60,23/04/2024 00:00:00,,12952,24/08/2026
975/1,27,23/01/2024 00:00:00,,10328,24/08/2026
980/1,0,14/07/2025 16:15:15,MATÉRIA PRIMA,24880,24/08/2026
GUIA FIO SUPORTE DA TRAMA,30,06/09/2023 00:00:00,,7207,24/08/2026
102 LAVADO,135,19/08/2026 16:16:39,MATÉRIA PRIMA,33392,24/08/2026
ENG. COROA/VUL UM 135/270,0,14/03/2024 00:00:00,,11927,24/08/2026
ENG. DA ROSCA S/FIM NYL,8,25/05/2026 11:16:12,PEÇAS PARA TRANÇADEIRA,31702,24/08/2026
ROSCA SEM FIM NYL,3,23/11/2023 00:00:00,,9091,24/08/2026
5298 RECICLADO,4,04/09/2025 14:52:53,MATÉRIA PRIMA,26015,24/08/2026
5305 RECICLADO,0,23/10/2025 13:54:34,MATÉRIA PRIMA,27286,24/08/2026
5337 RECICLADO,84,02/12/2024 00:00:00,,19699,24/08/2026
227/1,0,02/12/2024 00:00:00,,19672,24/08/2026
299/1,0,30/07/2024 00:00:00,,15651,24/08/2026
4220/1,0,11/03/2025 00:00:00,,21832,24/08/2026
4371/1,10,04/03/2024 00:00:00,,11507,24/08/2026
5217/1,16,24/08/2026 13:13:06,MATÉRIA PRIMA,33424,24/08/2026
5314/1,14,12/04/2024 00:00:00,,12706,24/08/2026
5323/1,13,14/05/2024 00:00:00,,13569,24/08/2026
4723/1P,34,12/08/2024 00:00:00,,16022,24/08/2026
497/1P,55,30/10/2023 00:00:00,,8287,24/08/2026
567/1P,33,23/02/2024 00:00:00,,11322,24/08/2026
576 RECICLADO,79,10/05/2024 00:00:00,,13489,24/08/2026
100 UNIFI,0,24/02/2026 14:36:23,MATÉRIA PRIMA,29563,24/08/2026
100/BT-76/36,38,30/07/2026 16:37:04,MATÉRIA PRIMA,33028,24/08/2026
5308/BT-76/36,36,30/07/2026 16:44:54,MATÉRIA PRIMA,33032,24/08/2026
5335/BT-76/36,30,30/07/2026 16:40:40,MATÉRIA PRIMA,33030,24/08/2026
5341/BT-76/36,21,30/07/2026 16:34:06,MATÉRIA PRIMA,33027,24/08/2026
653/BT-76/36,20,30/07/2026 15:28:19,MATÉRIA PRIMA,33009,24/08/2026
03/09/1912,67,07/11/2023 00:00:00,,8495,24/08/2026
5342/BT-76/36,38,30/07/2026 16:32:29,MATÉRIA PRIMA,33026,24/08/2026
5373/BT-76/36,28,30/07/2026 16:38:51,MATÉRIA PRIMA,33029,24/08/2026
2320  30-2,52,12/12/2023 00:00:00,,9810,24/08/2026
7/1P,23,22/02/2025 00:00:00,,21344,24/08/2026
101 LAVADO,40,28/05/2026 09:06:51,MATÉRIA PRIMA,31766,24/08/2026
99/1P,16,07/05/2025 08:52:03,MATÉRIA PRIMA,23251,24/08/2026
5400 BRILHANTE,3,03/06/2026 08:40:59,MATÉRIA PRIMA,31911,24/08/2026
100 RECICLADO 1 CABO,0,06/12/2023 00:00:00,,9526,24/08/2026
5306 RECICLADO,93,26/04/2024 00:00:00,,13047,24/08/2026
ILHOS-IL 7X4,200,29/11/2023 00:00:00,,9330,24/08/2026
TENSOR VERMELHO,24,29/11/2023 00:00:00,,9331,24/08/2026
5377/BT-76/36,13,30/07/2026 16:46:47,MATÉRIA PRIMA,33033,24/08/2026
5389 RECICLADO,23,21/02/2025 00:00:00,,21319,24/08/2026
4085 RECICLADO 1 CABO,223,26/08/2026 16:07:46,MATÉRIA PRIMA,33479,26/08/2026
4704 RECICLADO 1 CABO,47,07/03/2024 00:00:00,,11763,24/08/2026
5412 RECICLADO,83,07/03/2024 00:00:00,,11736,24/08/2026
5414 BRILHANTE,14,07/03/2024 00:00:00,,11748,24/08/2026
ACETATO 25 MM,34,12/01/2024 00:00:00,,10071,24/08/2026
4077 RECICLADO 1 CABO,19,26/04/2024 00:00:00,,13052,24/08/2026
5350 RECICLADO,95,09/04/2024 00:00:00,,12628,24/08/2026
5357 RECICLADO,94,13/08/2024 00:00:00,,16075,24/08/2026
5411 RECICLADO,94,02/04/2024 00:00:00,,12449,24/08/2026
5413 BRILHANTE,26,07/03/2024 00:00:00,,11750,24/08/2026
4267 RECICLADO,0,07/07/2025 16:34:05,MATÉRIA PRIMA,24684,24/08/2026
ENG.TRANSPOTE FEMIA TORRE,28,29/07/2026 10:10:38,PEÇAS PARA TRANÇADEIRA,32984,24/08/2026
ENG.TRANSPOTE MACHO TORRE,0,28/07/2026 09:43:16,PEÇAS PARA TRANÇADEIRA,32972,24/08/2026
CORREIA JAKOB MULLER LARANJA,31,22/05/2026 14:29:57,PEÇAS PARA TEAR,31697,24/08/2026
4488/1,47,05/09/2024 00:00:00,,16806,24/08/2026
101 RECICLADO LAVADO,0,26/03/2026 16:24:33,MATÉRIA PRIMA,30237,24/08/2026
114/1P,26,28/11/2025 10:00:12,MATÉRIA PRIMA,28170,24/08/2026
533 RECICLADO 1 CABO,26,16/06/2026 09:48:04,MATÉRIA PRIMA,32110,24/08/2026
5044 RECICLADO 1 CABO,15,02/02/2026 14:01:03,MATÉRIA PRIMA,29106,24/08/2026
4415 RECICLADO,15,22/08/2024 00:00:00,,16354,24/08/2026
4077 RECICLADO,0,02/12/2024 00:00:00,,19702,24/08/2026
5415 BRILHANTE,15,22/08/2024 00:00:00,,16355,24/08/2026
5358 RECICLADO 1 CABO,18,04/03/2024 00:00:00,,11529,24/08/2026
PEÇAS CALANDRA DE FERRO,0,17/10/2024 00:00:00,,18188,24/08/2026
4085/BT-76/36,17,25/08/2026 08:14:05,MATÉRIA PRIMA,33449,25/08/2026
4075/BT-76/36,42,30/07/2026 14:32:04,MATÉRIA PRIMA,32992,24/08/2026
5396/BT-76/36,51,30/07/2026 16:00:48,MATÉRIA PRIMA,33017,24/08/2026
5219/BT-76/36,59,30/07/2026 15:36:53,MATÉRIA PRIMA,33011,24/08/2026
5227/BT-76/36,57,30/07/2026 15:20:59,MATÉRIA PRIMA,33006,24/08/2026
5437/1,0,03/02/2025 00:00:00,,20861,24/08/2026
5432/1,0,09/09/2024 00:00:00,,16971,24/08/2026
ROSCA SEM FIM NADOLSK,3,21/02/2025 00:00:00,,21328,24/08/2026
5417 RECICLADO,0,03/08/2026 08:13:00,MATÉRIA PRIMA,33096,24/08/2026
678/1,0,14/11/2025 10:56:58,MATÉRIA PRIMA,27850,24/08/2026
FUSO UNIMAT,100,12/08/2025 14:59:38,PEÇAS PARA TRANÇADEIRA,25531,24/08/2026
678/1P,14,13/10/2025 08:52:17,MATÉRIA PRIMA,26835,24/08/2026
686 RECICLADO,74,18/11/2024 00:00:00,,19079,24/08/2026
5431/1,26,11/03/2025 00:00:00,,21822,24/08/2026
4075/1,36,17/03/2025 11:19:18,MATÉRIA PRIMA,21921,24/08/2026
5473/1,26,24/08/2026 13:13:06,MATÉRIA PRIMA,33427,24/08/2026
5466/BT-76/36,16,30/07/2026 15:51:18,MATÉRIA PRIMA,33015,24/08/2026
5460/BT-76/36,8,30/07/2026 15:08:44,MATÉRIA PRIMA,33002,24/08/2026
5464/BT-76/36,54,30/07/2026 15:45:36,MATÉRIA PRIMA,33013,24/08/2026
5463/BT-76/36,36,30/07/2026 15:34:09,MATÉRIA PRIMA,33010,24/08/2026
5461/BT-76/36,20,30/07/2026 14:29:20,MATÉRIA PRIMA,32991,24/08/2026
5451/BT-76/36,18,30/07/2026 16:04:15,MATÉRIA PRIMA,33018,24/08/2026
5467/BT-76/36,36,30/07/2026 15:26:21,MATÉRIA PRIMA,33008,24/08/2026
5459/BT-76/36,37,30/07/2026 15:48:20,MATÉRIA PRIMA,33014,24/08/2026
SENSOR QUEBRA FIO 12 POSICOES,0,11/04/2024 00:00:00,,12687,24/08/2026
956 RECICLADO 1 CABO,58,07/08/2026 08:40:47,MATÉRIA PRIMA,33277,24/08/2026
4021 RECICLADO 1 CABO,57,26/06/2026 13:21:51,MATÉRIA PRIMA,32341,24/08/2026
5305 RECICLADO 1 CABO,30,05/03/2025 00:00:00,,21563,24/08/2026
5469 RECICLADO,17,11/09/2024 00:00:00,,17105,24/08/2026
5472 RECICLADO,0,30/04/2026 14:16:07,MATÉRIA PRIMA,31257,24/08/2026
5469 BRILHANTE,9,03/06/2026 08:40:02,MATÉRIA PRIMA,31910,24/08/2026
5472 BRILHANTE,10,22/07/2024 00:00:00,,15453,24/08/2026
5471 RECICLADO,23,13/08/2024 00:00:00,,16071,24/08/2026
5471 BRILHANTE,24,13/08/2024 00:00:00,,16078,24/08/2026
101/1 LAVADO,0,30/07/2025 14:56:18,MATÉRIA PRIMA,25265,24/08/2026
ENG.TRANSPORTE UNIMAT,-1,25/08/2026 10:38:37,PEÇAS PARA TRANÇADEIRA,33466,25/08/2026
ENG. DE PUXADA 32,0,24/04/2024 00:00:00,,12977,24/08/2026
ENG. DE PUXADA 28,0,24/04/2024 00:00:00,,12978,24/08/2026
ENG. DE PUXADA 26,0,24/04/2024 00:00:00,,12979,24/08/2026
5178 RECICLADO,18,08/05/2025 13:58:42,MATÉRIA PRIMA,23312,24/08/2026
5433 BRILHANTE,25,29/05/2025 08:23:42,MATÉRIA PRIMA,23775,24/08/2026
5481 RECICLADO 1 CABO,24,11/08/2026 08:36:25,MATÉRIA PRIMA,33308,24/08/2026
5445 RECICLADO,4,31/07/2025 13:08:50,MATÉRIA PRIMA,25294,24/08/2026
5424/1,0,21/05/2024 00:00:00,,13726,24/08/2026
5398/BT-76/36,15,30/07/2026 15:53:25,MATÉRIA PRIMA,33016,24/08/2026
ENG. ASPA C/4 CANAIS FEMEA,50,20/05/2024 00:00:00,,13679,24/08/2026
ENG. ASPA C/4 CANAIS MACHO,50,20/05/2024 00:00:00,,13680,24/08/2026
5505/1,0,27/09/2024 00:00:00,,17692,24/08/2026
BIELA MUX 2/150 COMP 85MM,7,01/10/2025 17:00:38,MATÉRIA PRIMA,26679,24/08/2026
5385/1,23,02/03/2026 15:53:13,MATÉRIA PRIMA,29677,24/08/2026
5462/BT-76/36,11,30/07/2026 16:43:07,MATÉRIA PRIMA,33031,24/08/2026
ENG. DE PUXADA 50,30,03/06/2024 00:00:00,,14120,24/08/2026
ENG. DE PUXADA 46,30,03/06/2024 00:00:00,,14121,24/08/2026
ENG. DO ROLETE PUXADO 44Z,0,03/06/2024 00:00:00,,14122,24/08/2026
PINHAO DE TRAÇÃO,1,14/07/2026 15:33:52,PEÇAS PARA TEAR,32737,24/08/2026
141/1,0,26/09/2024 00:00:00,,17567,24/08/2026
5515 RECICLADO,22,26/09/2024 00:00:00,,17527,24/08/2026
5529 RECICLADO,37,26/08/2024 00:00:00,,16542,24/08/2026
5515 BRILHANTE,17,26/09/2024 00:00:00,,17529,24/08/2026
5530 BRILHANTE,31,28/08/2024 00:00:00,,16646,24/08/2026
369 RECICLADO 1 CABO,58,14/10/2024 00:00:00,,18102,24/08/2026
492 RECICLADO 1 CABO,42,13/09/2024 00:00:00,,17183,24/08/2026
4409 RECICLADO 1 CABO,40,22/01/2025 00:00:00,,20496,24/08/2026
135/1,0,25/02/2026 10:06:28,MATÉRIA PRIMA,29587,24/08/2026
4352/1,0,26/09/2024 00:00:00,,17563,24/08/2026
5506 RECICLADO,17,04/10/2024 00:00:00,,17874,24/08/2026
4662 RECICLADO 1 CABO,-3,21/08/2026 09:20:03,MATÉRIA PRIMA,33402,24/08/2026
5496 RECICLADO 1 CABO,41,04/10/2024 00:00:00,,17879,24/08/2026
5480 RECICLADO 1 CABO,11,17/09/2024 00:00:00,,17253,24/08/2026
5381 RECICLADO 1 CABO,20,23/07/2024 00:00:00,,15482,24/08/2026
5475 RECICLADO,56,26/09/2024 00:00:00,,17538,24/08/2026
5497 RECICLADO,81,01/08/2024 00:00:00,,15725,24/08/2026
5498 BRILHANTE,25,01/08/2024 00:00:00,,15728,24/08/2026
5495 RECICLADO,30,02/12/2024 00:00:00,,19732,24/08/2026
CORREIA VERDE PU 5MM,30,01/08/2024 00:00:00,,15691,24/08/2026
CORREIA VERDE PU 3MM,30,01/08/2024 00:00:00,,15692,24/08/2026
5574 BRILHANTE,11,08/12/2025 09:36:47,MATÉRIA PRIMA,28369,24/08/2026
5572 RECICLADO,0,08/12/2025 11:18:46,MATÉRIA PRIMA,28391,24/08/2026
5552 RECICLADO 1 CABO,42,13/06/2026 09:56:15,MATÉRIA PRIMA,32094,24/08/2026
5537 RECICLADO,24,29/11/2024 00:00:00,,19648,24/08/2026
4588 RECICLADO 1 CABO,47,05/03/2026 08:37:23,MATÉRIA PRIMA,29739,24/08/2026
THINNER 673,57,01/06/2026 17:11:24,QUIMICO,31886,24/08/2026
5548 RECICLADO,23,24/07/2025 15:44:55,MATÉRIA PRIMA,25163,24/08/2026
5566 BRILHANTE,11,13/12/2024 00:00:00,,20080,24/08/2026
5618/BT-76/36,50,30/07/2026 15:40:32,MATÉRIA PRIMA,33012,24/08/2026
4241/BT-76/36,102,30/07/2026 16:15:04,MATÉRIA PRIMA,33020,24/08/2026
5601/BT-76/36,29,30/07/2026 16:06:01,MATÉRIA PRIMA,33019,24/08/2026
5595/BT-76/36,14,30/07/2026 16:16:07,MATÉRIA PRIMA,33021,24/08/2026
5581/BT-76/36,25,30/07/2026 16:23:09,MATÉRIA PRIMA,33022,24/08/2026
5593/1,30,07/02/2025 00:00:00,,21064,24/08/2026
5579/1,0,30/01/2025 00:00:00,,20796,24/08/2026
5594/1,0,19/05/2025 08:13:29,MATÉRIA PRIMA,23567,24/08/2026
5604/1,15,27/02/2026 08:14:11,MATÉRIA PRIMA,29620,24/08/2026
5597/BT-76/36,30,30/07/2026 14:52:56,MATÉRIA PRIMA,32999,24/08/2026
5468 RECICLADO,26,16/10/2024 00:00:00,,18153,24/08/2026
5567 RECICLADO,0,08/09/2025 15:13:44,MATÉRIA PRIMA,26046,24/08/2026
5571 RECICLADO,0,25/03/2025 15:30:16,MATÉRIA PRIMA,22191,24/08/2026
5423 RECICLADO 1 CABO,19,22/01/2025 00:00:00,,20492,24/08/2026
5563 RECICLADO,31,25/02/2025 00:00:00,,21380,24/08/2026
5533 RECICLADO,0,07/02/2025 00:00:00,,21060,24/08/2026
5533 RECICLADO 1 CABO,39,12/06/2025 15:18:43,MATÉRIA PRIMA,24141,24/08/2026
5558 RECICLADO,34,05/12/2024 00:00:00,,19838,24/08/2026
5560 RECICLADO,46,30/09/2024 00:00:00,,17732,24/08/2026
5609 RECICLADO,27,05/12/2024 00:00:00,,19835,24/08/2026
5560 BRILHANTE,30,30/09/2024 00:00:00,,17730,24/08/2026
5610 BRILHANTE,19,10/12/2024 00:00:00,,20031,24/08/2026
5552 RECICLADO,0,09/09/2025 10:58:53,MATÉRIA PRIMA,26077,24/08/2026
2361 30-2,50,23/09/2024 00:00:00,,17483,24/08/2026
5614 BRILHANTE,30,19/11/2024 00:00:00,,19166,24/08/2026
894 RECICLADO,44,18/11/2024 00:00:00,,19060,24/08/2026
5570 RECICLADO,39,16/01/2025 00:00:00,,20329,24/08/2026
5573 BRILHANTE,16,16/01/2025 00:00:00,,20336,24/08/2026
5551 RECICLADO,24,23/09/2024 00:00:00,,17485,24/08/2026
ENG. DA ROSCA SEM FIM NADOLSKY,0,09/06/2026 09:51:03,PEÇAS PARA TRANÇADEIRA,31978,24/08/2026
ROSCA SM FIM NADOLSKY FURO 19MM,3,24/02/2025 00:00:00,,21359,24/08/2026
2364 30-2,6,11/11/2024 00:00:00,,18966,24/08/2026
2368 30-2,0,25/03/2025 10:52:32,MATÉRIA PRIMA,22173,24/08/2026
2365 30-2,4,11/11/2024 00:00:00,,18967,24/08/2026
643/1,41,21/10/2024 00:00:00,,18259,24/08/2026
5592/1,0,19/06/2025 14:27:31,MATÉRIA PRIMA,24363,24/08/2026
5608/1,43,07/02/2025 00:00:00,,20965,24/08/2026
5597/1,0,27/02/2026 11:05:54,MATÉRIA PRIMA,29641,24/08/2026
5499/BT-79/36,19,28/01/2025 00:00:00,,20648,24/08/2026
5525/BT-76/36,20,30/07/2026 16:26:34,MATÉRIA PRIMA,33023,24/08/2026
5599/BT-76/63,18,30/07/2026 16:30:51,MATÉRIA PRIMA,33025,24/08/2026
599/1P,0,28/04/2026 09:11:21,MATÉRIA PRIMA,31130,24/08/2026
4201/1,27,28/02/2025 00:00:00,,21495,24/08/2026
5613/1,10,08/05/2025 10:15:07,MATÉRIA PRIMA,23291,24/08/2026
49/1,85,28/02/2025 00:00:00,,21505,24/08/2026
4001/1,47,08/05/2025 10:17:21,MATÉRIA PRIMA,23293,24/08/2026
5509/1,22,15/01/2026 15:07:51,MATÉRIA PRIMA,28768,24/08/2026
007/1,12,27/10/2025 13:55:05,MATÉRIA PRIMA,27415,24/08/2026
5507/1,0,20/03/2026 10:07:17,MATÉRIA PRIMA,30105,24/08/2026
ENG.COMADO 135/270/330 UNIMAT,0,07/02/2025 00:00:00,,21068,24/08/2026
ENG.INTERNA 135/270/335 UNIMAT,2,10/10/2024 00:00:00,,18054,24/08/2026
4654/1,36,22/02/2025 00:00:00,,21349,24/08/2026
5596/1,19,25/04/2025 11:06:22,MATÉRIA PRIMA,22997,24/08/2026
5617/1,10,30/01/2025 00:00:00,,20714,24/08/2026
672/1,0,19/06/2025 14:30:48,MATÉRIA PRIMA,24365,24/08/2026
4418/1,17,25/04/2025 11:08:49,MATÉRIA PRIMA,22999,24/08/2026
814/1,0,04/05/2026 14:23:55,MATÉRIA PRIMA,31289,24/08/2026
4479/BT-76/36,0,02/12/2024 00:00:00,,19718,24/08/2026
165/1,0,04/11/2024 00:00:00,,18764,24/08/2026
ESPULA,0,04/11/2024 00:00:00,,18780,24/08/2026
5534 RECICLADO 1 CABO,84,27/11/2024 00:00:00,,19438,24/08/2026
BIELA,16,12/05/2026 15:32:05,PEÇAS PARA TEAR,31452,24/08/2026
5507/1P,18,14/08/2025 09:53:45,MATÉRIA PRIMA,25617,24/08/2026
5685 RECICLADO,0,04/09/2025 08:05:45,MATÉRIA PRIMA,26002,24/08/2026
5684 BRILHANTE,18,23/01/2025 00:00:00,,20520,24/08/2026
5642 RECICLADO 1 CABO,56,05/05/2025 09:58:49,MATÉRIA PRIMA,23223,24/08/2026
5687 RECICLADO 1 CABO,18,19/08/2026 13:13:30,MATÉRIA PRIMA,33390,24/08/2026
5650/BT-76/36,24,30/07/2026 16:28:15,MATÉRIA PRIMA,33024,24/08/2026
2377 30-2,33,11/12/2024 00:00:00,,20052,24/08/2026
5692 RECICLADO,0,30/06/2025 09:04:39,MATÉRIA PRIMA,24458,24/08/2026
5381 RECICLADO,58,27/05/2025 08:11:59,MATÉRIA PRIMA,23722,24/08/2026
518 RECICLADO,44,22/04/2025 10:37:46,MATÉRIA PRIMA,22851,24/08/2026
5680 RECICLADO,17,03/04/2025 08:37:58,MATÉRIA PRIMA,22535,24/08/2026
5683 RECICLADO,42,07/01/2025 00:00:00,,20148,24/08/2026
5681 BRILHANTE,16,03/04/2025 08:39:55,MATÉRIA PRIMA,22537,24/08/2026
5682 BRILHANTE,22,07/01/2025 00:00:00,,20152,24/08/2026
5364 RECICLADO,0,03/02/2026 09:49:19,MATÉRIA PRIMA,29161,24/08/2026
227 RECICLADO,45,16/04/2025 07:43:28,MATÉRIA PRIMA,22758,24/08/2026
5690 RECICLADO,49,02/04/2025 08:43:40,MATÉRIA PRIMA,22454,24/08/2026
5644 RECICLADO 1 CABO,15,20/05/2025 09:17:32,MATÉRIA PRIMA,23588,24/08/2026
5481 RECICLADO,0,25/03/2025 15:10:52,MATÉRIA PRIMA,22188,24/08/2026
5643 RECICLADO 1 CABO,16,09/04/2025 10:30:32,MATÉRIA PRIMA,22625,24/08/2026
5679 RECICLADO,38,07/03/2025 00:00:00,,21654,24/08/2026
5641 RECICLADO 1 CABO,31,23/04/2025 11:05:02,MATÉRIA PRIMA,22913,24/08/2026
ACETATO UMBRO VERMELHO,"2,3",02/12/2024 00:00:00,,19723,24/08/2026
5661 RECICLADO,15,07/04/2025 13:27:24,MATÉRIA PRIMA,22568,24/08/2026
5659 BRILHANTE,19,07/04/2025 13:28:19,MATÉRIA PRIMA,22569,24/08/2026
5645 RECICLADO 1 CABO,46,20/07/2026 09:35:46,MATÉRIA PRIMA,32810,24/08/2026
CHAPINHA -K 4X65,50,07/02/2025 00:00:00,,20970,24/08/2026
CHAPINHA-5C,50,10/02/2025 00:00:00,,21109,24/08/2026
ACETATO UMBRO BRANCO,"1,829",11/05/2026 09:36:13,MATÉRIA PRIMA,31378,24/08/2026
COLA SUPERFINISH,250,24/08/2026 16:45:28,QUIMICO,33440,24/08/2026
OLEO ISAFIL 3453,0,16/05/2025 10:50:23,QUIMICO,23467,24/08/2026
ACETATO UMBRO PRETO,"2,18",24/02/2025 00:00:00,,21366,24/08/2026
5730/BT-76/36,20,25/08/2026 08:14:05,MATÉRIA PRIMA,33450,25/08/2026
5728/BT-76/36,20,06/08/2025 16:08:41,MATÉRIA PRIMA,25387,24/08/2026
5726/BT-76/36,29,30/07/2026 15:04:13,MATÉRIA PRIMA,33000,24/08/2026
5727/BT-76/36,26,04/08/2025 16:49:50,MATÉRIA PRIMA,25356,24/08/2026
5666/BT-76/36,36,30/07/2026 15:06:30,MATÉRIA PRIMA,33001,24/08/2026
5722/1,13,19/06/2025 11:20:16,MATÉRIA PRIMA,24348,24/08/2026
5709 RECICLADO,0,30/04/2025 10:38:54,MATÉRIA PRIMA,23143,24/08/2026
4472 RECICLADO,43,24/07/2025 09:08:17,MATÉRIA PRIMA,25148,24/08/2026
5742 RECICLADO,0,12/06/2025 09:23:43,MATÉRIA PRIMA,24135,24/08/2026
4411 RECICLADO 1 CABO,82,16/04/2025 10:45:03,MATÉRIA PRIMA,22775,24/08/2026
4549 RECICLADO,45,19/06/2025 08:38:11,MATÉRIA PRIMA,24277,24/08/2026
5129 RECICLADO,16,07/05/2025 13:26:29,MATÉRIA PRIMA,23262,24/08/2026
5641 RECICLADO,0,13/04/2026 14:39:49,MATÉRIA PRIMA,30676,24/08/2026
5749 RECICLADO,0,07/07/2025 15:47:26,MATÉRIA PRIMA,24678,24/08/2026
ABAFADOR DE RUIDO CONCHA,10,14/07/2026 09:21:38,EPI,32716,24/08/2026
CINTO DE SEGURANÇA REGULAÇÃO PEITO E COXAS,1,14/03/2025 14:21:01,EPI,21885,24/08/2026
CALÇA,4,14/03/2025 14:22:40,UNIFORME,21886,24/08/2026
484 RECICLADO,0,30/04/2025 13:34:23,MATÉRIA PRIMA,23155,24/08/2026
5743 RECICLADO,30,02/04/2025 16:40:05,MATÉRIA PRIMA,22508,24/08/2026
5700 RECICLADO,32,11/04/2025 07:48:28,MATÉRIA PRIMA,22653,24/08/2026
5512 RECICLADO,0,20/06/2025 14:49:05,MATÉRIA PRIMA,24430,24/08/2026
DESENGRAXANTE,4,18/02/2026 09:25:15,LIMPEZA,29395,24/08/2026
ESPONJA DUPLA FACE,0,14/04/2025 07:50:04,LIMPEZA,22676,24/08/2026
LIMPEZA MULTIUSO,2,14/04/2025 07:51:07,LIMPEZA,22677,24/08/2026
SACO DE LIXO 40 LTS,1,19/03/2025 09:25:16,LIMPEZA,21959,24/08/2026
VASSOURA,8,19/03/2025 09:26:41,LIMPEZA,21960,24/08/2026
PÀ DE LIXO,8,19/03/2025 09:28:23,LIMPEZA,21961,24/08/2026
PAPEL HIGIENIO,2,14/04/2025 07:44:15,LIMPEZA,22674,24/08/2026
PAPEL TOALHA,2,19/03/2025 10:24:46,LIMPEZA,21964,24/08/2026
FITA TRANSPARENTE,11,14/04/2025 07:52:43,MATERIAL DE ESCRITÓRIO,22678,24/08/2026
5765 RECICLADO 1 CABO,2,15/05/2025 15:18:31,MATÉRIA PRIMA,23450,24/08/2026
4190 RECICLADO 1 CABO,51,28/05/2025 08:06:09,MATÉRIA PRIMA,23745,24/08/2026
100/1 RECICLADO,9,26/06/2026 08:37:54,MATÉRIA PRIMA,32268,24/08/2026
4085/1 RECICLADO,178,17/08/2026 08:13:24,MATÉRIA PRIMA,33355,24/08/2026
5699 RECICLADO,0,30/04/2025 10:06:59,MATÉRIA PRIMA,23138,24/08/2026
PROTETOR AURICULA,110,17/06/2026 08:07:53,EPI,32138,24/08/2026
5481/1 RECICLADO,10,28/07/2026 10:24:15,MATÉRIA PRIMA,32977,24/08/2026
5571/1 RECICLADO,48,25/03/2025 15:32:00,MATÉRIA PRIMA,22192,24/08/2026
100 AVANTI,2614,26/08/2026 10:08:08,MATÉRIA PRIMA,33474,26/08/2026
533/1 RECICLADO,0,08/04/2026 09:47:01,MATÉRIA PRIMA,30504,24/08/2026
5721/1,12,22/04/2025 15:31:55,MATÉRIA PRIMA,22886,24/08/2026
5452/1 RECICLADO,11,04/06/2025 09:30:40,MATÉRIA PRIMA,24041,24/08/2026
5707/1 RECICLADO,17,21/07/2025 09:28:11,MATÉRIA PRIMA,25063,24/08/2026
5719/1 RECICLADO,18,16/05/2025 14:25:26,MATÉRIA PRIMA,23506,24/08/2026
5227/1 RECICLADO,17,29/09/2025 16:53:35,MATÉRIA PRIMA,26637,24/08/2026
5553/1 RECICLADO,32,29/05/2025 08:21:39,MATÉRIA PRIMA,23773,24/08/2026
5151/1 RECICLADO,0,25/11/2025 14:14:41,MATÉRIA PRIMA,28081,24/08/2026
5656/BT-76/36,12,30/07/2026 15:24:09,MATÉRIA PRIMA,33007,24/08/2026
5657/BT-76/36,8,30/07/2026 15:12:23,MATÉRIA PRIMA,33004,24/08/2026
5668/BT-76/36,12,30/07/2026 15:17:07,MATÉRIA PRIMA,33005,24/08/2026
5669/BT-76/36,9,30/07/2026 15:10:40,MATÉRIA PRIMA,33003,24/08/2026
4662/1 RECICLADO,301,24/08/2026 13:13:06,MATÉRIA PRIMA,33423,24/08/2026
ROSCA S/ FIM DIR MU 135/270,4,04/04/2025 16:35:02,PEÇAS PARA TRANÇADEIRA,22555,24/08/2026
496/1 RECICLADO,36,14/07/2026 08:08:45,MATÉRIA PRIMA,32708,24/08/2026
2230 30-2,0,12/05/2025 09:31:28,MATÉRIA PRIMA,23339,24/08/2026
2359 30-2,0,12/05/2025 09:17:57,MATÉRIA PRIMA,23337,24/08/2026
2366 30-2,0,12/05/2025 09:20:27,MATÉRIA PRIMA,23338,24/08/2026
5732/1 RECICLADO,23,17/09/2025 07:56:51,MATÉRIA PRIMA,26286,24/08/2026
4699/1 RECICLADO,25,21/08/2026 09:25:12,MATÉRIA PRIMA,33403,24/08/2026
ACETATO LARANJA,0,25/09/2025 15:33:33,MATÉRIA PRIMA,26603,24/08/2026
BOMBA AN PERIFERICA 1/2HP,0,22/04/2025 16:55:39,MATERIAL DE ESCRITÓRIO,22897,24/08/2026
BOTA  VULCAFLEX PVC CANO MEDIO,0,22/04/2025 16:57:40,EPI,22898,24/08/2026
4066 RECICLADO,0,17/07/2025 14:58:42,MATÉRIA PRIMA,25019,24/08/2026
5740 RECICLADO,0,30/04/2025 10:57:35,MATÉRIA PRIMA,23147,24/08/2026
5741 RECICLADO,0,07/07/2025 08:04:06,MATÉRIA PRIMA,24601,24/08/2026
4235/1 RECICLADO,47,08/12/2025 09:07:25,MATÉRIA PRIMA,28360,24/08/2026
CORREIA A33,3,06/11/2025 13:37:41,PEÇAS PARA TRANÇADEIRA,27607,24/08/2026
CORREIA A41,23,17/08/2026 14:16:21,PEÇAS PARA TRANÇADEIRA,33357,24/08/2026
CORREIA A45,8,21/08/2026 14:02:24,PEÇAS PARA TRANÇADEIRA,33407,24/08/2026
CORREIA B49,5,12/05/2026 15:12:00,PEÇAS PARA TRANÇADEIRA,31450,24/08/2026
5720/1,27,14/05/2025 13:32:28,MATÉRIA PRIMA,23425,24/08/2026
5729/1,20,31/03/2026 09:25:50,MATÉRIA PRIMA,30324,24/08/2026
5657/1,24,12/05/2025 16:00:31,MATÉRIA PRIMA,23357,24/08/2026
5713/1,0,02/09/2025 15:06:22,MATÉRIA PRIMA,25984,24/08/2026
987/1 RECICLADO,12,27/04/2026 15:03:23,MATÉRIA PRIMA,31125,24/08/2026
668/1,29,14/05/2025 13:39:57,MATÉRIA PRIMA,23428,24/08/2026
4315/1,0,19/06/2025 13:41:21,MATÉRIA PRIMA,24355,24/08/2026
5725/1,29,14/05/2025 13:35:59,MATÉRIA PRIMA,23427,24/08/2026
CHAVE DE PARTIDO  TRIFASICA 2CV380V,0,29/04/2025 14:26:25,MANUTENÇÃO,23126,24/08/2026
CONTATURA TRIPOLAR 9A INA 220 V,1,29/04/2025 14:42:37,MANUTENÇÃO,23129,24/08/2026
4489/1 RECICLADO,21,09/06/2026 08:51:24,MATÉRIA PRIMA,31975,24/08/2026
5699/1 RECICLADO,33,25/08/2025 08:29:17,MATÉRIA PRIMA,25794,24/08/2026
5025/1 RECICLADO,0,17/07/2025 14:54:35,MATÉRIA PRIMA,25017,24/08/2026
5709/1 RECICLADO,21,21/08/2026 11:29:27,MATÉRIA PRIMA,33405,24/08/2026
5740/1 RECICLADO,0,17/07/2025 13:53:21,MATÉRIA PRIMA,25015,24/08/2026
4252/1 RECICLADO,15,15/07/2026 09:31:44,MATÉRIA PRIMA,32744,24/08/2026
CORREIA VARIADORA 1200X30X18,0,02/12/2025 08:45:59,PEÇAS PARA TEAR,28220,24/08/2026
GUARDA PÓ,41,22/07/2026 16:51:31,UNIFORME,32878,24/08/2026
CAMISA SOCIAL,0,14/11/2025 07:45:39,UNIFORME,27830,24/08/2026
2383 30-2,9,24/08/2026 14:33:26,MATÉRIA PRIMA,33437,24/08/2026
2381 30-2,2,27/05/2025 08:09:13,MATÉRIA PRIMA,23721,24/08/2026
2322 30-2,44,19/06/2025 09:14:38,MATÉRIA PRIMA,24286,24/08/2026
CILINDRO MINI ISO 26X100,1,10/07/2025 14:20:15,MANUTENÇÃO,24778,24/08/2026
LAMPADA G TUBULA,-11,13/05/2025 16:59:05,MANUTENÇÃO,23391,24/08/2026
ANSTARFIO 3454,132,14/08/2026 16:03:43,QUIMICO,33345,24/08/2026
58/1,0,22/08/2025 10:51:26,MATÉRIA PRIMA,25783,24/08/2026
57/1 RECICLADO,33,07/08/2026 08:48:46,MATÉRIA PRIMA,33278,24/08/2026
5827 BRILHANTE,13,26/01/2026 08:34:57,MATÉRIA PRIMA,28969,24/08/2026
5793 RECICLADO,0,07/07/2025 15:49:34,MATÉRIA PRIMA,24680,24/08/2026
5687/1 RECICLADO,132,26/08/2026 15:57:13,MATÉRIA PRIMA,33477,26/08/2026
2403 30-2,52,09/07/2025 08:30:47,MATÉRIA PRIMA,24718,24/08/2026
496/1 RECICLADO 1 CABO,0,26/01/2026 16:37:19,MATÉRIA PRIMA,28989,24/08/2026
4235 RECICLADO 1 CABO,78,20/10/2025 14:43:36,MATÉRIA PRIMA,27108,24/08/2026
CORREIA SINCR 1136 8 MM,1,03/06/2025 09:55:14,PEÇAS PARA TEAR,24008,24/08/2026
CORREIA SINCR 800 5M MP CORREIAS,1,03/06/2025 09:58:18,PEÇAS PARA TEAR,24009,24/08/2026
CORROREIA A 46,3,03/06/2025 10:09:24,PEÇAS PARA TRANÇADEIRA,24010,24/08/2026
2414 30-2,17,09/07/2025 08:50:55,MATÉRIA PRIMA,24720,24/08/2026
5832/1 RECICLADO,4,25/08/2025 14:08:28,MATÉRIA PRIMA,25797,24/08/2026
5742/1 RECICLADO,26,25/08/2025 14:06:46,MATÉRIA PRIMA,25796,24/08/2026
369/1 RECICLADO,26,19/11/2025 07:39:04,MATÉRIA PRIMA,27944,24/08/2026
5850/1 RECICLADO,9,15/04/2026 08:56:43,MATÉRIA PRIMA,30789,24/08/2026
4593/1 RECICLADO,24,04/08/2026 08:22:31,MATÉRIA PRIMA,33109,24/08/2026
150/1 RECICLADO,23,11/12/2025 08:24:33,MATÉRIA PRIMA,28477,24/08/2026
5828 BRILHANTE,8,08/12/2025 09:36:06,MATÉRIA PRIMA,28368,24/08/2026
5821/1 RECICLADO,0,25/08/2025 14:33:50,MATÉRIA PRIMA,25799,24/08/2026
5820/1 RECICLADO,68,31/07/2026 16:10:05,MATÉRIA PRIMA,33078,24/08/2026
5718/1 RECICLADO,7,15/07/2025 10:27:31,MATÉRIA PRIMA,24918,24/08/2026
5592/1 RECICLADO,22,27/08/2025 14:32:41,MATÉRIA PRIMA,25847,24/08/2026
4683/1 RECICLADO,22,15/07/2025 10:31:42,MATÉRIA PRIMA,24923,24/08/2026
4310/1 RECICLADO,17,28/08/2025 08:33:50,MATÉRIA PRIMA,25869,24/08/2026
4771/1 RECICLADO,15,21/07/2025 09:37:22,MATÉRIA PRIMA,25068,24/08/2026
4315/1 RECICLADO,24,28/08/2025 08:35:58,MATÉRIA PRIMA,25871,24/08/2026
672/1 RECICLADO,25,21/07/2025 09:30:36,MATÉRIA PRIMA,25066,24/08/2026
5512/1 RECICLADO,0,14/11/2025 10:58:18,MATÉRIA PRIMA,27851,24/08/2026
459/1 CECICLADO,37,24/09/2025 11:12:38,MATÉRIA PRIMA,26577,24/08/2026
5692/1 RECICLADO,87,24/02/2026 07:59:24,MATÉRIA PRIMA,29533,24/08/2026
236/1 RECICLADO,25,17/09/2025 07:54:42,MATÉRIA PRIMA,26283,24/08/2026
4967/1 RECICLADO,11,03/02/2026 08:42:05,MATÉRIA PRIMA,29149,24/08/2026
5864 RECICLADO 1 CABO,39,14/08/2025 14:50:23,MATÉRIA PRIMA,25658,24/08/2026
496 RECICLADO 1 CABO,58,04/02/2026 15:00:24,MATÉRIA PRIMA,29188,24/08/2026
5741/1 ECICLADO,0,16/07/2025 14:38:09,MATÉRIA PRIMA,24992,24/08/2026
5835/1 RECICLADO,11,16/07/2025 08:58:22,MATÉRIA PRIMA,24931,24/08/2026
5888/1 RECICLADO,29,22/07/2025 10:51:37,MATÉRIA PRIMA,25118,24/08/2026
5845/1 RECICLADO,15,21/07/2026 08:05:24,MATÉRIA PRIMA,32828,24/08/2026
5749/1 RECICLADO,10,12/09/2025 15:20:19,MATÉRIA PRIMA,26219,24/08/2026
4267/1 RECICLADO,20,16/12/2025 15:12:57,MATÉRIA PRIMA,28574,24/08/2026
5793/1 RECICLADO,20,09/03/2026 11:11:04,MATÉRIA PRIMA,29839,24/08/2026
4139/1 RECICLADO,29,15/04/2026 08:59:17,MATÉRIA PRIMA,30793,24/08/2026
5849/1 RECICLADO,44,14/10/2025 11:10:29,MATÉRIA PRIMA,26927,24/08/2026
481/1 RECICLADO,6,27/04/2026 14:46:55,MATÉRIA PRIMA,31124,24/08/2026
5149/1 RECICLADO,10,21/07/2026 08:46:13,MATÉRIA PRIMA,32853,24/08/2026
5531/1 RECICLADO,0,20/08/2025 16:33:12,MATÉRIA PRIMA,25756,24/08/2026
114/1 RECICLADO,0,16/07/2025 11:17:06,MATÉRIA PRIMA,24985,24/08/2026
7/1 RECICLADO,0,20/08/2025 15:16:40,MATÉRIA PRIMA,25753,24/08/2026
5818/1 RECICLADO,0,17/07/2025 08:54:43,MATÉRIA PRIMA,25006,24/08/2026
5822/1 RECICLADO,19,23/07/2025 15:05:11,MATÉRIA PRIMA,25137,24/08/2026
BOTA DE ELAST. BIDEN ELETRICISTA,0,14/08/2025 14:20:08,EPI,25656,24/08/2026
BOTA DE COURO,0,16/07/2025 16:18:40,EPI,25002,24/08/2026
LUVA TATIL POLINIL,12,10/07/2025 13:35:21,EPI,24772,24/08/2026
CORREIA A62,0,09/07/2026 09:27:02,PEÇAS PARA TRANÇADEIRA,32644,24/08/2026
CORREIA B 46,2,02/07/2026 11:29:37,PEÇAS PARA TRANÇADEIRA,32475,24/08/2026
980/1 RECICLADO,33,30/07/2025 08:54:34,MATÉRIA PRIMA,25224,24/08/2026
ENG.DE PUXADA 15,0,08/04/2026 15:04:20,PEÇAS PARA TRANÇADEIRA,30524,24/08/2026
ENG. DE PUXADA 64,23,16/09/2025 15:14:54,PEÇAS PARA TRANÇADEIRA,26275,24/08/2026
599/1 RECICLADO,0,21/07/2025 10:30:42,MATÉRIA PRIMA,25099,24/08/2026
TESOURA AREMATE CORTA LINHA,24,21/01/2026 14:52:24,MATERIAL DE ESCRITÓRIO,28888,24/08/2026
5864/1 RECICLADO,14,11/08/2025 13:41:22,MATÉRIA PRIMA,25468,24/08/2026
5863 BRILHANTE,19,11/08/2025 14:02:05,MATÉRIA PRIMA,25478,24/08/2026
4409/1 RECICLADO,2,20/08/2026 13:12:03,MATÉRIA PRIMA,33397,24/08/2026
4045/1 RECICLADO,63,28/07/2025 14:57:36,MATÉRIA PRIMA,25209,24/08/2026
101/1 RECICLADO LAVADO,64,05/08/2026 16:46:58,MATÉRIA PRIMA,33235,24/08/2026
ENG. CONICA IP LONGO,0,31/07/2025 10:26:07,PEÇAS PARA TRANÇADEIRA,25293,24/08/2026
ENG.CONICA (P CURTA)MU270/330,0,12/09/2025 10:34:56,PEÇAS PARA TRANÇADEIRA,26173,24/08/2026
5645/1 RECICLADO,0,07/08/2025 13:04:50,MATÉRIA PRIMA,25421,24/08/2026
104/1 RECICLADO,0,29/09/2025 17:11:47,MATÉRIA PRIMA,26644,24/08/2026
REISPIRADOR SEMIFACIAL,0,14/08/2025 14:14:58,EPI,25654,24/08/2026
58/1 RECICLADO,0,04/08/2026 13:55:09,MATÉRIA PRIMA,33210,24/08/2026
4750/1 RECICLADO,0,28/08/2025 09:05:53,MATÉRIA PRIMA,25876,24/08/2026
135/1 RECICLADO,0,28/08/2025 09:09:56,MATÉRIA PRIMA,25878,24/08/2026
5507/1 RECICLADO,0,29/09/2025 10:30:03,MATÉRIA PRIMA,26619,24/08/2026
5508/1 RECICLADO,26,13/10/2025 15:50:49,MATÉRIA PRIMA,26874,24/08/2026
PURGADOR ELETRONICO 16 BR,1,28/08/2025 10:56:53,MANUTENÇÃO,25884,24/08/2026
CORREIA A28,3,06/11/2025 13:36:43,PEÇAS PARA TRANÇADEIRA,27606,24/08/2026
CORREIA B50,2,24/04/2026 14:44:05,PEÇAS PARA TRANÇADEIRA,31029,24/08/2026
4539/1 RECICLADO,0,21/10/2025 11:04:25,MATÉRIA PRIMA,27151,24/08/2026
5966/1 RECICLADO,18,11/09/2025 09:27:49,MATÉRIA PRIMA,26136,24/08/2026
5907/1 RECICLADO,41,09/10/2025 13:55:15,MATÉRIA PRIMA,26796,24/08/2026
5597/1 RECICLADO,17,27/02/2026 11:06:29,MATÉRIA PRIMA,29642,24/08/2026
5473/1 RECICLADO,18,19/11/2025 14:13:37,MATÉRIA PRIMA,27992,24/08/2026
5028/1 RECICLADO,0,10/11/2025 15:26:45,MATÉRIA PRIMA,27689,24/08/2026
4219/1 RECICLADO,7,26/06/2026 08:37:05,MATÉRIA PRIMA,32267,24/08/2026
5685/1 RECICLADO,35,04/09/2025 08:06:34,MATÉRIA PRIMA,26003,24/08/2026
5567/1 RECICLADO,13,09/02/2026 16:22:14,MATÉRIA PRIMA,29335,24/08/2026
5552/1 RECICLADO,59,06/01/2026 09:22:00,MATÉRIA PRIMA,28631,24/08/2026
239/1 RECICLADO,22,10/12/2025 08:46:30,MATÉRIA PRIMA,28463,24/08/2026
4021/1 RECICLADO,60,21/08/2026 15:34:09,MATÉRIA PRIMA,33408,24/08/2026
5519/1 RECICLADO,9,21/05/2026 07:46:10,MATÉRIA PRIMA,31584,24/08/2026
4826/1 RECICLADO,19,20/01/2026 15:06:53,MATÉRIA PRIMA,28870,24/08/2026
5890/1 RECICLADO,45,16/03/2026 09:41:15,MATÉRIA PRIMA,29973,24/08/2026
5891/1 RECICLADO,40,26/05/2026 10:19:42,MATÉRIA PRIMA,31722,24/08/2026
5381/1 RECICLADO,24,17/09/2025 16:03:15,MATÉRIA PRIMA,26333,24/08/2026
4758/1 RECICLADO,24,04/08/2026 08:23:46,MATÉRIA PRIMA,33110,24/08/2026
161/1,14,15/07/2026 09:28:43,MATÉRIA PRIMA,32742,24/08/2026
4190/1 RECICLADO,89,08/05/2026 08:22:41,MATÉRIA PRIMA,31330,24/08/2026
CORREIA A 44,3,26/06/2026 09:11:48,PEÇAS PARA TRANÇADEIRA,32281,24/08/2026
5880/BT-76/36,25,30/07/2026 14:44:01,MATÉRIA PRIMA,32997,24/08/2026
4077/1 RECICLADO,25,27/10/2025 15:41:58,MATÉRIA PRIMA,27426,24/08/2026
5703/1,46,18/03/2026 15:15:55,MATÉRIA PRIMA,30066,24/08/2026
5907/1,18,27/02/2026 08:07:04,MATÉRIA PRIMA,29614,24/08/2026
687/1 RECICLADO,0,02/12/2025 10:04:22,MATÉRIA PRIMA,28231,24/08/2026
6000/1 RECICLADO,26,23/10/2025 10:01:19,MATÉRIA PRIMA,27221,24/08/2026
5389 RECICLADO 1 CABO,66,08/04/2026 09:21:44,MATÉRIA PRIMA,30488,24/08/2026
TRAMADO 12JK 6X55,21,09/06/2026 11:30:19,PEÇAS PARA TEAR,31985,24/08/2026
TRAMADO 2JK 8X30,0,23/07/2026 11:27:18,PEÇAS PARA TEAR,32883,24/08/2026
5508/1,23,20/11/2025 08:02:02,MATÉRIA PRIMA,28010,24/08/2026
5944 RECICLADO 1 CABO,28,06/01/2026 09:46:10,MATÉRIA PRIMA,28646,24/08/2026
972/1 RECICLADO,26,10/02/2026 13:23:08,MATÉRIA PRIMA,29340,24/08/2026
4148/1 RECICLADO,25,10/02/2026 13:27:08,MATÉRIA PRIMA,29343,24/08/2026
118/1P,26,22/10/2025 14:27:42,MATÉRIA PRIMA,27187,24/08/2026
4545/1 RECICLADO,41,10/03/2026 08:48:59,MATÉRIA PRIMA,29857,24/08/2026
4539/1,27,06/02/2026 08:27:28,MATÉRIA PRIMA,29258,24/08/2026
ENG. DE PUXADA 18,70,20/10/2025 14:51:09,PEÇAS PARA TRANÇADEIRA,27110,24/08/2026
5992/1 RECICLADO,20,17/11/2025 15:49:51,MATÉRIA PRIMA,27914,24/08/2026
276/1 RECICLADO,12,09/03/2026 11:17:30,MATÉRIA PRIMA,29841,24/08/2026
4758 RECICLADO 1 CABO,4,28/04/2026 17:05:01,MATÉRIA PRIMA,31145,24/08/2026
5979 RECICLADO 1 CABO,33,09/12/2025 14:15:41,MATÉRIA PRIMA,28418,24/08/2026
5305/1 RECICLADO,97,07/01/2026 13:48:11,MATÉRIA PRIMA,28664,24/08/2026
5991/1,13,23/01/2026 09:56:04,MATÉRIA PRIMA,28916,24/08/2026
5711/1,156,03/08/2026 07:41:39,MATÉRIA PRIMA,33089,24/08/2026
5898/1,25,05/03/2026 11:07:37,MATÉRIA PRIMA,29759,24/08/2026
5966/1,22,27/02/2026 08:02:55,MATÉRIA PRIMA,29613,24/08/2026
5856/BT-7636,13,30/07/2026 14:45:29,MATÉRIA PRIMA,32998,24/08/2026
5826/BT-76/36,21,30/07/2026 14:36:31,MATÉRIA PRIMA,32995,24/08/2026
5881/BT-76/36,9,30/07/2026 14:37:44,MATÉRIA PRIMA,32996,24/08/2026
PARAFUSO 3X12,480,06/11/2025 13:08:47,PEÇAS PARA TEAR,27604,24/08/2026
CINTO ERGONOMICO G,2,06/11/2025 13:20:57,EPI,27605,24/08/2026
5028/1,16,20/11/2025 10:47:04,MATÉRIA PRIMA,28012,24/08/2026
BARRAMENTO TRASEIRO DIREITO,0,19/11/2025 15:38:44,PONTEIRA,27998,24/08/2026
BARRAMENTO TRASEIRO ESQUERDO,0,19/11/2025 15:40:58,PONTEIRA,27999,24/08/2026
MESA DO BARRAMENTO DIANTEIRO,0,19/11/2025 15:43:50,PONTEIRA,28000,24/08/2026
MESA DO BARRAMENTO TRASEIRO,0,19/11/2025 15:45:30,PONTEIRA,28001,24/08/2026
ENG. DE PULIA CUBO 2 ROLAMENTO,4,06/08/2026 09:32:02,PEÇAS PARA TRANÇADEIRA,33241,24/08/2026
"MATRIZ 3,0 FEMEA IMPORTADA",4,25/11/2025 09:53:53,PONTEIRA,28038,24/08/2026
"MATRIZ 3,0 MACHO IMPORTADA",4,25/11/2025 09:57:24,PONTEIRA,28039,24/08/2026
RESISTENÇIA CAC 10X100MM 400WX20,3,04/12/2025 07:47:23,PONTEIRA,28243,24/08/2026
5987/1 RECICLADO,99,10/08/2026 13:05:47,MATÉRIA PRIMA,33292,24/08/2026
83/1 RECICLADO,23,06/03/2026 16:02:27,MATÉRIA PRIMA,29820,24/08/2026
4099 RECICLADO 1 CABO,92,16/06/2026 09:56:50,MATÉRIA PRIMA,32113,24/08/2026
954/1 RECICLADO,33,16/12/2025 15:32:08,MATÉRIA PRIMA,28577,24/08/2026
5572/1 RECICLADO,14,08/12/2025 11:20:39,MATÉRIA PRIMA,28392,24/08/2026
CORREIA A42,19,17/08/2026 14:27:04,PEÇAS PARA TRANÇADEIRA,33358,24/08/2026
CORREIA SINCR. 345L,1,18/02/2026 14:26:55,PEÇAS PARA TEAR,29398,24/08/2026
6018 RECICLADO 1 CABO,100,20/04/2026 10:23:44,MATÉRIA PRIMA,30900,24/08/2026
5192/1 RECICLADO,188,19/05/2026 14:56:19,MATÉRIA PRIMA,31571,24/08/2026
5987 RECICLADO 1 CABO,72,04/05/2026 10:33:03,MATÉRIA PRIMA,31264,24/08/2026
6068/1 RECICLADO,23,19/02/2026 14:26:33,MATÉRIA PRIMA,29465,24/08/2026
6076/1 RECICLADO,105,02/04/2026 13:50:46,MATÉRIA PRIMA,30403,24/08/2026
5014/1 RECICLADO,58,25/03/2026 14:44:50,MATÉRIA PRIMA,30195,24/08/2026
6077/1 RECICLADO,91,13/04/2026 14:13:59,MATÉRIA PRIMA,30658,24/08/2026
01,23,10/04/2026 09:42:44,MATÉRIA PRIMA,30568,24/08/2026
01/1 RECICLADO,13,26/01/2026 08:44:30,MATÉRIA PRIMA,28974,24/08/2026
CORREIA A56,2,09/01/2026 15:59:06,URDIDEIRA,28704,24/08/2026
ACETATO UMBRO/HIGHCO WHITE,0,06/02/2026 16:12:11,MATÉRIA PRIMA,29295,24/08/2026
ACETATO UMBRO MARINHO,"0,7",29/01/2026 10:48:03,MATÉRIA PRIMA,29021,24/08/2026
4316/1 RECICLADO,52,23/02/2026 16:16:37,MATÉRIA PRIMA,29530,24/08/2026
6069/1 RECICLADO,27,19/02/2026 14:15:16,MATÉRIA PRIMA,29460,24/08/2026
5364/1 RECICLADO,21,11/06/2026 08:18:56,MATÉRIA PRIMA,31996,24/08/2026
CORREIA SINCR 1530 5M,2,14/07/2026 10:27:33,PEÇAS PARA TEAR,32720,24/08/2026
CORREIA A30,2,03/02/2026 11:07:22,PEÇAS PARA TRANÇADEIRA,29165,24/08/2026
CORREIA A46,0,12/05/2026 15:08:49,PEÇAS PARA TRANÇADEIRA,31449,24/08/2026
267 LOTE 2,13,06/03/2026 15:58:15,MATÉRIA PRIMA,29817,24/08/2026
6107/BT-76/36,11,30/07/2026 14:34:44,MATÉRIA PRIMA,32994,24/08/2026
6108/BT-76/36,20,25/08/2026 08:14:05,MATÉRIA PRIMA,33451,25/08/2026
6112/BT-76/36,25,25/08/2026 08:14:05,MATÉRIA PRIMA,33447,25/08/2026
5130/1,0,11/03/2026 13:42:03,MATÉRIA PRIMA,29909,24/08/2026
6105/1,13,27/07/2026 08:20:35,MATÉRIA PRIMA,32921,24/08/2026
CORREIA A72,1,04/03/2026 11:29:10,PEÇAS PARA TRANÇADEIRA,29731,24/08/2026
545/1 RECICLADO,45,01/06/2026 13:53:05,MATÉRIA PRIMA,31869,24/08/2026
5298/1 RECICLADO,5,01/06/2026 09:00:36,MATÉRIA PRIMA,31860,24/08/2026
310/1 RECICLADO,25,21/07/2026 10:01:19,MATÉRIA PRIMA,32859,24/08/2026
905/1,16,24/08/2026 08:17:25,MATÉRIA PRIMA,33416,24/08/2026
"MATRIZ FEMIA 2,8 PAC 2000",2,12/03/2026 09:33:36,PONTEIRA,29932,24/08/2026
"MATRIZ MACHO 2,8 PAC 2000",2,12/03/2026 09:37:44,PONTEIRA,29933,24/08/2026
4662 BRILHANTE,50,25/03/2026 14:59:42,MATÉRIA PRIMA,30200,24/08/2026
228 BRILHANTE,6,25/03/2026 15:01:50,MATÉRIA PRIMA,30201,24/08/2026
6071 BRILHANTE,20,30/03/2026 16:52:14,MATÉRIA PRIMA,30279,24/08/2026
4070 BRILHANTE,12,30/03/2026 16:53:10,MATÉRIA PRIMA,30280,24/08/2026
CORREIA A68,3,13/03/2026 15:12:44,PEÇAS PARA TRANÇADEIRA,29961,24/08/2026
939 BRILHANTE,21,25/03/2026 15:04:45,MATÉRIA PRIMA,30203,24/08/2026
161 BRILHANTE,21,25/03/2026 15:03:39,MATÉRIA PRIMA,30202,24/08/2026
5149 BRILHANTE,20,30/03/2026 16:54:00,MATÉRIA PRIMA,30281,24/08/2026
788/1,34,29/06/2026 06:17:15,MATÉRIA PRIMA,32349,24/08/2026
CORREIA 3L-340 NOVA,1,18/03/2026 10:36:10,ESPULADEIRA,30059,24/08/2026
5044/1 RECICLADO,16,25/03/2026 14:47:02,MATÉRIA PRIMA,30197,24/08/2026
4203/1 RECICLADO,17,08/04/2026 14:08:16,MATÉRIA PRIMA,30517,24/08/2026
20/1,6,23/04/2026 13:45:20,MATÉRIA PRIMA,30922,24/08/2026
6127/1,10,24/08/2026 13:13:06,MATÉRIA PRIMA,33425,24/08/2026
6140/1 RECICLADO,37,29/04/2026 08:32:52,MATÉRIA PRIMA,31159,24/08/2026
6157 RECICLADO 1 CABO,12,24/04/2026 14:19:54,MATÉRIA PRIMA,31021,24/08/2026
6160/1 RECICLADO,26,13/04/2026 15:56:18,MATÉRIA PRIMA,30696,24/08/2026
6158 BRILHANTE,20,13/04/2026 15:54:48,MATÉRIA PRIMA,30695,24/08/2026
6166/1,14,29/06/2026 07:13:54,MATÉRIA PRIMA,32363,24/08/2026
5828/1,13,24/08/2026 13:13:06,MATÉRIA PRIMA,33428,24/08/2026
5108/1,50,04/08/2026 08:25:35,MATÉRIA PRIMA,33112,24/08/2026
5850 RECICLADO 1 CABO,7,16/06/2026 09:47:18,MATÉRIA PRIMA,32109,24/08/2026
6149 RECICLADO 1 CABO,36,04/08/2026 10:07:50,MATÉRIA PRIMA,33164,24/08/2026
6051/1 RECICLADO,0,08/05/2026 09:49:56,MATÉRIA PRIMA,31340,24/08/2026
5945/1 RECICLADO,11,07/04/2026 14:19:56,MATÉRIA PRIMA,30460,24/08/2026
5933/1 RECICLADO,22,08/07/2026 10:19:59,MATÉRIA PRIMA,32620,24/08/2026
6001/1,15,20/04/2026 15:05:06,MATÉRIA PRIMA,30908,24/08/2026
5535/1,12,20/04/2026 15:02:23,MATÉRIA PRIMA,30907,24/08/2026
6146/1 RECICLADO,94,21/07/2026 07:48:10,MATÉRIA PRIMA,32822,24/08/2026
6082/1 RECICLADO,4,29/05/2026 09:29:21,MATÉRIA PRIMA,31854,24/08/2026
492/1 RECICLADO,16,26/06/2026 10:37:04,MATÉRIA PRIMA,32304,24/08/2026
596/1 RECICLADO,18,07/08/2026 09:30:00,MATÉRIA PRIMA,33288,24/08/2026
5094/1P,0,28/04/2026 09:14:18,MATÉRIA PRIMA,31132,24/08/2026
5497/1P,0,28/04/2026 09:15:02,MATÉRIA PRIMA,31133,24/08/2026
4588/1 RECICLADO,14,04/08/2026 10:08:49,MATÉRIA PRIMA,33165,24/08/2026
6070/1 RECICLADO,35,06/07/2026 14:28:36,MATÉRIA PRIMA,32496,24/08/2026
6177/1 RECICLADO,10,29/04/2026 17:01:24,MATÉRIA PRIMA,31207,24/08/2026
5422/1 RECICLADO,10,12/06/2026 10:49:46,MATÉRIA PRIMA,32066,24/08/2026
5641/1 RECICLADO,12,29/04/2026 17:02:58,MATÉRIA PRIMA,31208,24/08/2026
6191/1 RECICLADO,19,03/08/2026 08:52:25,MATÉRIA PRIMA,33099,24/08/2026
5998/1P,0,28/04/2026 09:15:49,MATÉRIA PRIMA,31134,24/08/2026
6162/1 RECICLADO,22,12/06/2026 10:51:50,MATÉRIA PRIMA,32067,24/08/2026
4263/1 RECICLADO,21,11/05/2026 15:22:00,MATÉRIA PRIMA,31396,24/08/2026
5472/1 RECICLADO,15,30/04/2026 14:17:13,MATÉRIA PRIMA,31258,24/08/2026
6180 RECICLADO 1 CABO,100,31/07/2026 16:05:00,MATÉRIA PRIMA,33075,24/08/2026
6182 RECICLADO 1 CABO,22,13/07/2026 08:55:07,MATÉRIA PRIMA,32689,24/08/2026
6142/1 RECICLADO,26,21/05/2026 07:47:01,MATÉRIA PRIMA,31585,24/08/2026
2000 LAVADO 30-2,28,18/08/2026 09:19:36,MATÉRIA PRIMA,33373,24/08/2026
100 TINGIDO MINAS,-7066,26/08/2026 09:00:17,LIMPEZA,33472,26/08/2026
5469/1 RECICLADO,29,16/06/2026 13:23:53,MATÉRIA PRIMA,32129,24/08/2026
5911 BRILHANTE,18,26/06/2026 07:44:53,MATÉRIA PRIMA,32254,24/08/2026
57 RECICLADO 1 CABO,55,16/06/2026 13:26:46,MATÉRIA PRIMA,32130,24/08/2026
5998/1,43,07/07/2026 09:32:59,MATÉRIA PRIMA,32537,24/08/2026
"RESISTENCIA CAC 1,7X100MM 300W X 220 V RAB 300MM",0,17/06/2026 07:50:24,PONTEIRA,32136,24/08/2026
RESISTENCIA CAC 14X105MM 500W X 220V RAB 500MM,0,17/06/2026 07:59:36,PONTEIRA,32137,24/08/2026
CREME PROTETOR PARA PELE 200G NUTRIEX,4,17/06/2026 08:12:26,EPI,32139,24/08/2026
CILINDRO MINI ISO 25X100 DA MAQ.,2,25/06/2026 09:45:47,ESPULADEIRA,32189,24/08/2026
ROLAMENTO 6301,1,26/06/2026 09:13:55,PEÇAS PARA TRANÇADEIRA,32283,24/08/2026
ROLAMENTO 6303,1,26/06/2026 09:16:28,PEÇAS PARA TRANÇADEIRA,32284,24/08/2026
6222/1 RECICLADO,43,14/07/2026 14:06:34,MATÉRIA PRIMA,32726,24/08/2026
298/1 RECICLADO,14,14/07/2026 14:20:22,MATÉRIA PRIMA,32730,24/08/2026
4638/1 RECICLADO,26,09/07/2026 08:46:39,MATÉRIA PRIMA,32637,24/08/2026
4259/1 RECICLADO,30,25/08/2026 10:06:27,MATÉRIA PRIMA,33465,25/08/2026
422/1 RECICLADO,28,14/07/2026 14:19:19,MATÉRIA PRIMA,32729,24/08/2026
5946/1 RECICLADO,25,09/07/2026 08:45:34,MATÉRIA PRIMA,32636,24/08/2026
6176 RECICLADO 1 CABO,44,24/07/2026 13:08:05,MATÉRIA PRIMA,32896,24/08/2026
6179 RECICLADO 1 CABO,68,12/08/2026 16:30:11,MATÉRIA PRIMA,33326,24/08/2026
6249/1 RECICLADO,28,24/08/2026 14:33:26,MATÉRIA PRIMA,33435,24/08/2026
6163 RECICLADO 1 CABO,21,16/07/2026 09:52:28,MATÉRIA PRIMA,32756,24/08/2026
6248 RECICLADO 1 CABO,30,18/08/2026 09:27:08,MATÉRIA PRIMA,33378,24/08/2026
6133/1 RECICADO,-1,02/07/2026 14:35:57,MATÉRIA PRIMA,32477,24/08/2026
6132/1 RECICLADO,1,07/08/2026 16:36:48,MATÉRIA PRIMA,33290,24/08/2026
4363/1 RECICLADO,11,08/07/2026 10:24:41,MATÉRIA PRIMA,32622,24/08/2026
6052/1 RECICLADO,25,28/07/2026 09:00:04,MATÉRIA PRIMA,32967,24/08/2026
6253/1 RECICLADO,15,04/08/2026 16:35:50,MATÉRIA PRIMA,33214,24/08/2026
BRAÇO ACIONADOR DA AGULHA ( MULLE) [184040960],9,10/07/2026 11:04:20,PEÇAS PARA TEAR,32668,24/08/2026
6255 RECICLADO 1 CABO,56,18/08/2026 09:13:16,MATÉRIA PRIMA,33372,24/08/2026
CORREIA SINCR 500 5M 9MM,2,14/07/2026 10:20:39,PEÇAS PARA TEAR,32718,24/08/2026
CORREIA SINCR 540 L,2,14/07/2026 10:24:47,PEÇAS PARA TEAR,32719,24/08/2026
6216/1 RECICLADO,28,04/08/2026 08:34:32,MATÉRIA PRIMA,33117,24/08/2026
6220/1 RECICLADO,4,04/08/2026 08:33:13,MATÉRIA PRIMA,33116,24/08/2026
6149/1 RECICLADO,4,18/08/2026 09:28:22,MATÉRIA PRIMA,33379,24/08/2026
6296 RECICLADO 1 CABO,27,18/08/2026 09:20:32,MATÉRIA PRIMA,33374,24/08/2026
GUARDA PÒ COM BORDADO,3,22/07/2026 16:54:30,UNIFORME,32879,24/08/2026
5417/1 RECICLADO,26,03/08/2026 08:17:12,MATÉRIA PRIMA,33097,24/08/2026
2466 30-2,17,24/08/2026 14:33:26,MATÉRIA PRIMA,33436,24/08/2026
2472 30-2,73,24/08/2026 14:45:23,MATÉRIA PRIMA,33438,24/08/2026
ROLAMENTO 6202,2,17/08/2026 14:29:28,PEÇAS PARA TRANÇADEIRA,33359,24/08/2026
ROLAMENTO 6002,2,17/08/2026 14:31:57,PONTEIRA,33360,24/08/2026
ROLAMENTO 6205,2,17/08/2026 14:37:03,PEÇAS PARA TEAR,33361,24/08/2026
ROLAMENTO 6206,1,17/08/2026 15:00:43,PEÇAS PARA TEAR,33362,24/08/2026
CONEXAO RETA 12X3/8,0,17/08/2026 15:37:08,PONTEIRA,33363,24/08/2026
BUCHA 3/8 MACHO X1/4 FEMEA AÇO,0,17/08/2026 15:41:33,PONTEIRA,33364,24/08/2026
NIPLE 1/4BSP X1/1BSP AÇO,0,17/08/2026 15:57:15,PONTEIRA,33365,24/08/2026
MANOMETRO 200 LBS 1/4 50 MM VERTICAL,0,17/08/2026 15:59:03,PONTEIRA,33366,24/08/2026
FILTO CARVÃO ATIVADO,2,18/08/2026 11:31:02,MANUTENÇÃO,33384,24/08/2026